animals,unit,geo\time	2022 	2021 	2020 	2019 	2018 	2017 	2016 	2015 	2014 	2013 	2012 
A1100,HD,AT	: 	: 	18955 	18678 	17752 	17273 	18161 	15697 	: 	: 	: 
A1100,HD,BE	: 	: 	1606 	1577 	1486 	1556 	1382 	1362 	1239 	: 	: 
A1100,HD,BG	: 	: 	242 	262 	232 	501 	307 	212 	0 	: 	9 
A1100,HD,CH	: 	: 	11318 	11200 	10577 	9683 	9040 	8758 	8638 	8104 	7879 
A1100,HD,CY	: 	: 	0 	0 	0 	: 	: 	0 	0 	: 	0 
A1100,HD,CZ	: 	: 	9923 	9727 	9339 	8741 	7297 	7250 	7253 	6191 	5835 
A1100,HD,DE	: 	: 	41862 	: 	: 	: 	: 	: 	: 	32 	: 
A1100,HD,DK	: 	: 	434 	162 	158 	182 	120 	89 	125 	145 	238 
A1100,HD,EE	: 	: 	1436 	1612 	1711 	1795 	1735 	1471 	1837 	1958 	1806 
A1100,HD,ES	: 	: 	7664 	7267 	6573 	6187 	6644 	5540 	4153 	2662 	2689 
A1100,HD,FI	: 	: 	37 d	8 d	8 	: 	: 	23 	18 	19 	69 
A1100,HD,FR	: 	: 	4309 e	4439 e	4233 	3524 	2871 	5783 	2268 	3939 	2131 
A1100,HD,HR	: 	: 	2551 	2234 	2088 	1721 	1753 	265 	291 	874 	507 
A1100,HD,HU	: 	: 	: 	: 	: 	: 	: 	: 	: 	: 	178 
A1100,HD,IE	: 	: 	565 	736 	: 	426 	: 	77 	: 	138 	542 
A1100,HD,IS	: 	: 	: 	: 	: 	0 	: 	: 	: 	: 	: 
A1100,HD,IT	: 	: 	: 	: 	: 	: 	: 	14349 	12970 	13404 	9663 
A1100,HD,LT	: 	: 	414 	432 	412 	422 	67 	351 	545 	496 	443 
A1100,HD,LU	: 	: 	159 	174 	163 	133 	124 	115 	122 	177 	162 
A1100,HD,LV	: 	: 	900 	1173 	1142 	1259 	1263 	1015 	1111 	882 	934 
A1100,HD,ME	: 	: 	0 	0 	0 	0 	0 	: 	: 	: 	: 
A1100,HD,MK	: 	: 	: 	: 	: 	: 	: 	: 	0 	0 	: 
A1100,HD,MT	: 	: 	: 	: 	0 	0 	0 	0 	0 	: 	: 
A1100,HD,NO	: 	: 	29 	37 	35 	38 	41 	41 	47 	49 	57 
A1100,HD,PL	: 	: 	: 	1957 	474 	604 	578 	632 	841 	1380 	: 
A1100,HD,PT	: 	: 	76 	128 	87 	157 	: 	204 	162 	176 	: 
A1100,HD,RO	: 	: 	72 	69 	: 	202 	: 	485 	626 	200 	142 
A1100,HD,RS	: 	: 	16 	88 	114 	177 	8 	106 	103 	60 	: 
A1100,HD,SI	: 	: 	: 	: 	: 	: 	4093 	3878 	3846 	3593 	3289 
A1100,HD,SK	: 	: 	412 	440 	541 	869 	590 	643 	569 	659 	611 
A1100,HD,TR	: 	: 	: 	0 	0 	0 	0 	0 	0 	: 	: 
A1100,HD,UK	: 	: 	: 	1054 	974 	251 	171 	172 	103 	507 	348 
A2000,HD,AT	428676 	420118 	417658 	420693 	421324 	422008 	404648 	266236 	376647 	376973 	376572 
A2000,HD,BE	: 	115618 	111951 	107690 	106049 	108016 	88787 	80405 	76620 	76214 	72487 
A2000,HD,BG	8555 	10408 	10343 	9402 	9314 	10400 	9718 	4209 	1344 	1311 	1173 
A2000,HD,CH	219304 	213595 	211041 	205389 	200450 	187745 	175520 	170420 	167024 	162059 	156668 
A2000,HD,CY	: 	837 	601 	731 	469 	506 	350 	101 	0 	0 	0 
A2000,HD,CZ	: 	278346 	268831 	262910 	262061 	255978 	246684 	237635 	224873 	213303 	196911 
A2000,HD,DE	965909 e	896760 e	861272 	870372 	771320 	788561 	700356 	654386 	643600 	621800 	583843 
A2000,HD,DK	: 	231472 	227336 	224348 	220754 	199870 	164397 	157527 	182131 	181508 	183262 
A2000,HD,EE	44275 	44694 	45713 	42290 	41499 	40049 	36774 	34312 	32149 	30017 	27056 
A2000,HD,EL	: 	193596 	163066 	142609 	138015 	81425 	75132 	68454 	70346 	71034 	66846 
A2000,HD,ES	: 	264259 	219769 	215802 	212066 	207121 	199737 	190224 	168214 	151571 	164736 
A2000,HD,EU	: 	: 	: 	4817726 p	4605744 	4310740 	3997266 	3636091 	3630538 	3552014 	: 
A2000,HD,EU27_2020	: 	: 	: 	4516938 p	4281542 	4014568 	3700694 	3342953 	3326183 	3268678 	: 
A2000,HD,EU28	: 	: 	: 	4817726 p	4605744 	4310740 	3997266 	3636091 	3630538 	3552014 	: 
A2000,HD,FI	: 	84740 	81360 	76173 	72082 	68197 	61942 	59700 	52395 	49101 	48313 
A2000,HD,FR	: 	925800 e	860308 e	830921 e	751382 	649856 	573623 	541312 	541129 	550121 	445245 
A2000,HD,HR	: 	31076 	22302 	21551 	19613 	17226 	14442 	7002 	7308 	6540 	: 
A2000,HD,HU	: 	27810 	26087 	27007 	18964 	17741 	20815 	18919 	18871 	19273 	19947 
A2000,HD,IE	: 	59291 	58659 	64093 	61819 	56873 	52742 	46946 	38923 	37473 	35093 
A2000,HD,IS	: 	369 	224 	284 	236 	249 	: 	: 	: 	: 	: 
A2000,HD,IT	: 	409332 	397187 	389665 p	375414 	336278 	331431 	266576 	222924 	231641 	203823 
A2000,HD,LT	: 	59151 	58737 	58356 	57884 	57270 	37814 	34929 	35279 	34163 	26824 
A2000,HD,LU	: 	4945 	5111 	4814 	4956 	4177 	3873 	3576 	3459 	3373 	3090 
A2000,HD,LV	: 	102422 	101968 	99041 	96423 	95585 	92546 	80400 	76048 	71707 	64032 
A2000,HD,ME	431 	445 	393 	578 	420 	218 	20 	: 	: 	: 	: 
A2000,HD,MK	: 	9752 	8723 	7170 	6390 	4698 	3368 	4401 	2133 	2726 	: 
A2000,HD,MT	: 	0 	0 	0 	0 	0 	0 	0 	0 	0 	0 
A2000,HD,NL	: 	79300 	76069 	71817 	71715 	65189 	60150 	56264 	53603 	53704 	51380 
A2000,HD,NO	: 	28332 	28639 	28361 	30307 	29931 	29329 	28516 	27385 	28875 	29511 
A2000,HD,PL	: 	31195 	31102 	30186 	26953 	27901 	29107 	31896 	38744 	44663 	45604 
A2000,HD,PT	: 	95650 	92673 	95306 	93191 	86881 	80152 	97320 	74343 	69095 	68004 
A2000,HD,RO	: 	23339 	19870 	19358 	16872 	19339 	20093 	29313 	33782 	20113 	: 
A2000,HD,RS	: 	: 	3627 	3556 	3594 	2474 	2560 	2593 	2557 	1853 	: 
A2000,HD,SE	: 	329851 	331735 	333245 	332294 	307120 	296260 	285774 	281320 	285670 	282026 
A2000,HD,SI	: 	38836 	37904 	37126 	35751 	35095 	33397 	30592 	27359 	25168 	22977 
A2000,HD,SK	: 	59636 e	61977 	61432 	63340 	55906 	65724 	58945 	44772 	43142 	43293 
A2000,HD,TR	: 	8109 	7888 	4751 	5113 	6632 	7234 	8234 	9746 	47715 	: 
A2000,HD,UK	: 	: 	: 	300788 	324202 	296172 	296572 	293138 	304355 	283336 	290212 
A2000B,HD,AT	: 	: 	22041 	22085 	21071 	20524 	32988 	25773 	4397 	: 	: 
A2000B,HD,BE	: 	: 	6155 	7235 	6605 	6479 	3010 	3480 	4455 	1833 	: 
A2000B,HD,BG	: 	: 	6915 	6060 	5929 	4699 	5370 	1769 	547 	536 	389 
A2000B,HD,CY	: 	: 	0 	0 	0 	0 	0 	0 	0 	0 	0 
A2000B,HD,CZ	: 	: 	10001 	18089 	20169 	14286 	12977 	12761 	13773 	13468 	7914 
A2000B,HD,DE	: 	: 	102400 	93813 	81619 	81587 	75500 	68049 	65600 	63400 	59586 
A2000B,HD,DK	: 	: 	124003 	120549 	116218 	105062 	85800 	82096 	95617 	94729 	109464 
A2000B,HD,EE	: 	: 	25146 	23645 	22854 	22087 	20057 	19088 	18269 	18163 	15232 
A2000B,HD,EL	: 	: 	66424 	54361 	49303 	17352 	26002 	24150 	23003 	22774 	18216 
A2000B,HD,ES	: 	: 	201920 	199661 	196461 	190724 	186232 	177164 	158524 	130957 	143068 
A2000B,HD,FI	: 	: 	30736 	29551 	26125 	25288 	23021 	21141 	18008 	17107 	15869 
A2000B,HD,FR	: 	: 	230567 e	272153 e	192561 	166768 	147562 	151602 	140097 	143966 	117694 
A2000B,HD,HR	: 	: 	1349 	1599 	1811 	2753 	2509 	858 	2270 	2721 	2791 
A2000B,HD,HU	: 	: 	21983 	22348 	13482 	11436 	14769 	14199 	14585 	15335 	15228 
A2000B,HD,IE	: 	: 	15248 	15968 	15284 	10873 	15046 	12135 	12772 	10445 	6558 
A2000B,HD,IS	: 	: 	0 	12 	0 	: 	: 	: 	: 	: 	: 
A2000B,HD,IT	: 	: 	231718 	: 	167032 	144626 	145307 	103299 	69786 	81904 	70774 
A2000B,HD,LT	: 	: 	12614 	11894 	11347 	10416 	9334 	6091 	13889 	12023 	7947 
A2000B,HD,LU	: 	: 	916 	891 	808 	590 	538 	523 	520 	467 	501 
A2000B,HD,LV	: 	: 	33534 	31536 	28978 	27111 	24601 	20018 	16307 	16396 	19042 
A2000B,HD,ME	: 	: 	172 	245 	398 	200 	0 	: 	: 	: 	: 
A2000B,HD,MT	: 	: 	0 	0 	0 	0 	0 	0 	0 	0 	0 
A2000B,HD,NL	: 	: 	9329 	8831 	8926 	8806 	8285 	7689 	9641 	10601 	11370 
A2000B,HD,PL	: 	: 	8341 	8320 	7486 	8096 	8433 	9144 	11653 	19871 	25589 
A2000B,HD,PT	: 	: 	84079 	87492 	87103 	16440 	8136 	: 	: 	: 	: 
A2000B,HD,RO	: 	: 	690 	426 	701 	481 	478 	491 	244 	1101 	745 
A2000B,HD,RS	: 	: 	435 	1264 	1112 	470 	10 	0 	: 	0 	: 
A2000B,HD,SE	: 	: 	46799 	46565 	47188 	43999 	43865 	39081 	37146 	38848 	: 
A2000B,HD,SK	: 	: 	4040 	32551 	14303 	67 	17980 	14346 	8725 	8520 	12194 
A2000B,HD,TR	: 	: 	: 	: 	282 	1498 	4107 	2168 	1658 	10751 	: 
A2000B,HD,UK	: 	: 	: 	88193 	116129 	111342 	98699 	102418 	104730 	97461 	95384 
A2300F,HD,AT	120722 	117137 	116441 	115371 	115424 	115080 	106735 	95361 	96829 	95873 	94591 
A2300F,HD,BE	: 	24646 	24308 	22449 	21520 	20101 	16551 	13146 	12955 	12279 	13049 
A2300F,HD,BG	2946 	2703 	2689 	3033 	2405 	2955 	2906 	1777 	789 	535 	328 
A2300F,HD,CH	63426 	62947 	62378 	60650 	59954 	55356 	51552 	50658 	50489 	50406 	49186 
A2300F,HD,CY	: 	609 	536 	596 	401 	254 	281 	101 	0 	0 	0 
A2300F,HD,CZ	: 	7276 	7292 	7247 	7125 	6686 	6913 	7370 	7402 	7047 	7080 
A2300F,HD,DE	260543 e	240630 e	226604 	226912 	195750 	203958 	175583 	150283 	148500 	141800 	133095 
A2300F,HD,DK	: 	81633 	78796 	78163 	78972 	70993 	58129 	55788 	63261 	62787 	65057 
A2300F,HD,EE	1853 	1852 	1809 	1835 	1835 	1743 	1813 	1938 	2211 	2322 	2542 
A2300F,HD,EL	: 	21101 	18734 	16956 	14351 	12044 	3990 	4000 	3160 	3492 	3790 
A2300F,HD,ES	: 	12954 	11387 	10413 	8661 	8394 	7086 	4556 	4045 	3303 	4310 
A2300F,HD,FI	: 	10529 	10393 	10024 	9802 	9207 	8508 	8438 	7354 	6290 	6447 
A2300F,HD,FR	: 	190894 e	168937 e	159578 e	145649 	128386 	120112 	113608 	140097 	121443 	95429 
A2300F,HD,HR	: 	289 	505 	364 	996 	2565 	1824 	1717 	1461 	2185 	1371 
A2300F,HD,HU	: 	1532 	767 	1200 	1169 	3272 	3339 	2744 	2157 	2288 	2277 
A2300F,HD,IE	: 	4656 	3823 	5408 	4752 	2560 	2912 	2163 	1900 	1945 	1737 
A2300F,HD,IS	: 	203 	111 	125 	112 	114 	: 	: 	: 	: 	: 
A2300F,HD,IT	: 	81117 	84843 	79542 p	80547 	64855 	75754 	57206 	53181 	44644 	41799 
A2300F,HD,LT	: 	13542 	13764 	14153 	14439 	14706 	9516 	9363 	9561 	9970 	8623 
A2300F,HD,LU	: 	894 	878 	717 	787 	596 	564 	508 	534 	591 	482 
A2300F,HD,LV	: 	16463 	17603 	18117 	18517 	19101 	19420 	17971 	19772 	12125 	11132 
A2300F,HD,ME	56 	50 	43 	57 	22 	18 	10 	: 	: 	: 	: 
A2300F,HD,MT	: 	0 	0 	0 	0 	0 	0 	0 	0 	0 	0 
A2300F,HD,NL	: 	41631 	40041 	37902 	37180 	31883 	28368 	25385 	24701 	24462 	22930 
A2300F,HD,NO	: 	7613 	7781 	7932 	8353 	8340 	8350 	8287 	8226 	9094 	9097 
A2300F,HD,PL	: 	12143 	12061 	10983 	10983 	11377 	11866 	11106 	13164 	18841 	20015 
A2300F,HD,PT	: 	4689 	5043 	2 	20 	51 	201 	: 	: 	: 	: 
A2300F,HD,RO	: 	14807 	12837 	13882 	12561 	12472 	15171 	21667 	: 	: 	: 
A2300F,HD,RS	: 	: 	1514 	1233 	1298 	2004 	2164 	2182 	: 	0 	: 
A2300F,HD,SE	: 	57298 	57187 	56744 	58702 	52908 	49062 	47652 	46902 	48193 	47610 
A2300F,HD,SK	: 	5822 e	5431 	5759 	5500 	4544 	6352 	6394 	5789 	5296 	5523 
A2300F,HD,TR	: 	7905 	: 	: 	1908 	2383 	3127 	3505 	5530 	31760 	: 
A2300F,HD,UK	: 	: 	: 	89839 	88344 	77059 	81368 	76638 	75440 	70135 	72013 
A2900,HD,AT	: 	: 	279176 	283237 	284829 	286404 	264925 	145102 	275421 	: 	: 
A2900,HD,BE	: 	: 	81488 	78006 	77924 	81436 	69226 	63779 	59210 	62102 	: 
A2900,HD,BG	: 	: 	739 	309 	980 	2746 	1442 	663 	8 	240 	456 
A2900,HD,CY	: 	: 	65 	135 	68 	252 	69 	0 	0 	0 	0 
A2900,HD,CZ	: 	: 	251538 	237574 	234767 	235006 	226794 	217504 	203698 	192788 	181917 
A2900,HD,DE	: 	: 	532268 	549647 	493951 	503016 	449273 	436054 	429500 	416700 	391162 
A2900,HD,DK	: 	: 	24537 	25636 	25564 	23815 	20468 	19643 	23253 	23992 	: 
A2900,HD,EE	: 	: 	18758 	16810 	16810 	16219 	14904 	13286 	11669 	9532 	9282 
A2900,HD,EL	: 	: 	77908 	71292 	74361 	52029 	45140 	40304 	44183 	44768 	44840 
A2900,HD,ES	: 	: 	6462 	5728 	6944 	8003 	6419 	8504 	5645 	17311 	17358 
A2900,HD,EU	: 	: 	: 	: 	2411726 	2381098 	2166443 	: 	: 	: 	: 
A2900,HD,EU27_2020	: 	: 	: 	: 	2291997 	2273327 	2049938 	: 	: 	: 	: 
A2900,HD,EU28	: 	: 	: 	: 	2411726 	2381098 	2166443 	: 	: 	: 	: 
A2900,HD,FI	: 	: 	40231 	36598 	36155 	33702 	30413 	30121 	27033 	25704 	25997 
A2900,HD,FR	: 	: 	460804 e	399190 e	413172 	354702 	305949 	276102 	260935 	284712 	232122 
A2900,HD,HR	: 	: 	20448 	19588 	16806 	11908 	10109 	4427 	3577 	1634 	1267 
A2900,HD,HU	: 	: 	3337 	3459 	4313 	3033 	2707 	1976 	2129 	1650 	2442 
A2900,HD,IE	: 	: 	39588 	42717 	41783 	43440 	34784 	32648 	24251 	25083 	26798 
A2900,HD,IS	: 	: 	113 	147 	124 	135 	: 	: 	: 	: 	: 
A2900,HD,IT	: 	: 	80626 	: 	127835 	126797 	110370 	106071 	99957 	105093 	91250 
A2900,HD,LT	: 	: 	32359 	32309 	32098 	32148 	18964 	19475 	11829 	12170 	10254 
A2900,HD,LU	: 	: 	3317 	3206 	3361 	2991 	2771 	2545 	2405 	2315 	2107 
A2900,HD,LV	: 	: 	50831 	49388 	48928 	49373 	48525 	42411 	39969 	43186 	33858 
A2900,HD,ME	: 	: 	178 	276 	0 	0 	10 	: 	: 	: 	: 
A2900,HD,MK	: 	: 	: 	: 	: 	: 	: 	: 	0 	26 	: 
A2900,HD,MT	: 	: 	0 	0 	0 	0 	0 	0 	0 	0 	0 
A2900,HD,NL	: 	: 	26699 	25084 	25609 	24500 	23497 	23190 	19261 	18641 	17080 
A2900,HD,PL	: 	: 	10700 	10883 	8484 	8428 	8808 	11646 	13927 	: 	: 
A2900,HD,PT	: 	: 	3551 	7812 	6068 	70390 	71815 	: 	: 	: 	: 
A2900,HD,RO	: 	: 	6343 	5050 	3610 	6386 	4444 	7155 	9632 	8924 	3656 
A2900,HD,RS	: 	: 	1678 	1059 	1184 	: 	386 	411 	: 	1853 	: 
A2900,HD,SE	: 	: 	227749 	229936 	226404 	210213 	203333 	199041 	197272 	198629 	140506 
A2900,HD,SI	: 	: 	37904 	37126 	35751 	35095 	33397 	30592 	27359 	25168 	22977 
A2900,HD,SK	: 	: 	52506 	23122 	43537 	51295 	41392 	38205 	30258 	29326 	25576 
A2900,HD,TR	: 	: 	: 	: 	2923 	2751 	0 	2561 	2558 	5204 	: 
A2900,HD,UK	: 	: 	: 	122756 	119729 	107771 	116505 	114082 	124185 	115740 	122815 
A3100,HD,AT	96483 	84171 	83047 	74603 	74594 	73302 	62672 	78246 	68031 	70935 	69475 
A3100,HD,BE	: 	38033 	32336 	17081 	17399 	17771 	11485 	10274 	9532 	11350 	10371 
A3100,HD,BG	0 	0 	216 	91 	24 	276 	92 	37 	0 	0 	0 
A3100,HD,CH	37740 	36285 	35668 	38955 	38169 	34551 	29184 	27424 	29112 	26613 	24200 
A3100,HD,CY	: 	0 	0 	0 	0 	0 	0 	0 	0 	0 	0 
A3100,HD,CZ	: 	2058 	2193 	2707 	2867 	2101 	1942 	1761 	1994 	1860 	1586 
A3100,HD,DE	172600 e	191955 e	212455 	182653 	185401 	193338 	196142 	190471 	195300 	193900 	178015 
A3100,HD,DK	: 	484443 	455549 	490924 	488886 	374963 	283118 	260510 	215581 	239453 	232051 
A3100,HD,EE	749 	705 	778 	683 	458 	571 	656 	861 	873 	1141 	871 
A3100,HD,EL	: 	5588 	5075 	4994 	4746 	4434 	4710 	4203 	4664 	4797 	6292 
A3100,HD,ES	: 	42713 	37846 	32343 	20196 	9938 	10311 	10741 	6790 	7795 	7600 
A3100,HD,EU	: 	: 	: 	1504824 p	1360951 	1202777 	1031261 	979354 	913207 	923114 	: 
A3100,HD,EU27_2020	: 	: 	: 	1470865 p	1323511 	1163677 	993610 	949388 	884892 	892949 	: 
A3100,HD,EU28	: 	: 	: 	1504824 p	1360951 	1202777 	1031261 	979354 	913207 	923114 	: 
A3100,HD,FI	: 	4842 	4891 	5156 	4857 	5074 	5456 	6131 	5656 	5442 	1889 
A3100,HD,FR	: 	492282 e	439569 e	437950 e	317925 	282286 	241470 	219812 	212854 	201201 	184086 
A3100,HD,HR	: 	468 	420 	2873 	1887 	1468 	1083 	1114 	961 	1122 	1361 
A3100,HD,HU	: 	4446 	3499 	5486 	4459 	5333 	4776 	4023 	5340 	4880 	4498 
A3100,HD,IE	: 	720 	599 	518 	642 	708 	572 	443 	479 	489 	895 
A3100,HD,IS	: 	0 	0 	0 	0 	0 	: 	: 	: 	: 	: 
A3100,HD,IT	: 	58535 	58263 	51765 p	59623 	61242 	56567 	49909 	49900 	43318 	42872 
A3100,HD,LT	: 	175 	172 	131 	142 	112 	180 	189 	256 	377 	440 
A3100,HD,LU	: 	780 	1109 	1026 	895 	860 	830 	908 	977 	926 	1014 
A3100,HD,LV	: 	1637 	1795 	1925 	1845 	2571 	2870 	2838 	4007 	4804 	4606 
A3100,HD,ME	0 	0 	0 	0 	0 	0 	0 	: 	: 	: 	: 
A3100,HD,MK	: 	0 	0 	0 	0 	0 	0 	0 	0 	0 	: 
A3100,HD,MT	: 	0 	0 	0 	0 	0 	0 	0 	0 	0 	0 
A3100,HD,NL	: 	103184 	102112 	106458 	93210 	87542 	70523 	69102 	68914 	63588 	60460 
A3100,HD,NO	: 	2985 	2778 	2820 	2924 	3474 	2055 	1543 	2631 	1931 	2313 
A3100,HD,PL	: 	5589 	3253 	4189 	3221 	3893 	4449 	6309 	7958 	9771 	16044 
A3100,HD,PT	: 	2016 	2037 	6757 	2896 	1157 	647 	833 	1723 	2009 	2636 
A3100,HD,RO	: 	9 	14 	9 	9 	20 	20 	86 	126 	258 	344 
A3100,HD,RS	: 	: 	326 	315 	284 	87 	223 	100 	44 	57 	: 
A3100,HD,SE	: 	37389 	35564 	36649 	33579 	30766 	28953 	26739 	19666 	20548 	: 
A3100,HD,SI	: 	3099 d	2992 	3252 	3203 	3793 	3648 	3345 	3135 	2798 	2485 
A3100,HD,SK	: 	859 e	1143 	642 	547 	158 	438 	503 	175 	187 	146 
A3100,HD,TR	: 	0 	0 	0 	0 	0 	0 	: 	0 	0 	: 
A3100,HD,UK	: 	: 	: 	33959 	37440 	39100 	31481 	29966 	28315 	30165 	34648 
A3120,HD,AT	: 	: 	7709 	7255 	6249 	6055 	5020 	5743 	5444 	3579 	4370 
A3120,HD,BE	: 	: 	1729 	1213 	1523 	1030 	1079 	606 	562 	773 	710 
A3120,HD,BG	: 	: 	79 	91 	24 	36 	20 	18 	0 	0 	0 
A3120,HD,CH	: 	: 	3339 	3457 	3252 	3006 	2582 	2390 	2498 	2289 	2249 
A3120,HD,CY	: 	: 	0 	0 	0 	0 	0 	0 	0 	0 	0 
A3120,HD,CZ	: 	: 	247 	258 	356 	320 	230 	218 	209 	215 	184 
A3120,HD,DE	: 	: 	22106 	16901 	: 	: 	19250 	: 	: 	: 	: 
A3120,HD,DK	: 	: 	11792 	12661 	14159 	10630 	8180 	6393 	7789 	8406 	8597 
A3120,HD,EE	: 	: 	80 	74 	56 	77 	96 	117 	209 	217 	191 
A3120,HD,EL	: 	: 	1004 	1008 	958 	975 	1005 	1004 	1268 	1460 	1933 
A3120,HD,ES	: 	: 	1558 	2318 	1084 	1102 	2113 	917 	939 	1073 	1427 
A3120,HD,EU	: 	: 	: 	: 	: 	: 	71966 	: 	: 	: 	: 
A3120,HD,EU27_2020	: 	: 	: 	: 	: 	: 	68573 	: 	: 	: 	: 
A3120,HD,EU28	: 	: 	: 	: 	: 	: 	71966 	: 	: 	: 	: 
A3120,HD,FI	: 	: 	880 	671 	721 	783 	975 	981 	1132 	916 	423 
A3120,HD,FR	: 	: 	17357 e	15515 e	12137 	10341 	9085 	8424 	8150 	8042 	7321 
A3120,HD,HR	: 	: 	191 	1055 	1135 	335 	206 	274 	151 	185 	394 
A3120,HD,HU	: 	: 	792 	829 	976 	1022 	993 	829 	410 	593 	649 
A3120,HD,IE	: 	: 	84 	93 	124 	101 	94 	75 	82 	78 	117 
A3120,HD,IS	: 	: 	0 	0 	0 	0 	: 	: 	: 	: 	: 
A3120,HD,IT	: 	: 	14062 	: 	14306 	6518 	9413 	7785 	7154 	7109 	8653 
A3120,HD,LT	: 	: 	26 	16 	17 	37 	29 	38 	39 	68 	85 
A3120,HD,LU	: 	: 	90 	110 	91 	91 	80 	93 	112 	115 	111 
A3120,HD,LV	: 	: 	259 	261 	268 	334 	379 	377 	415 	513 	596 
A3120,HD,ME	: 	: 	0 	0 	0 	0 	0 	: 	: 	: 	: 
A3120,HD,MK	: 	: 	: 	: 	: 	: 	: 	: 	0 	0 	: 
A3120,HD,MT	: 	: 	0 	0 	0 	0 	0 	0 	0 	0 	0 
A3120,HD,NL	: 	: 	9353 	9271 	8418 	8102 	6224 	6060 	6010 	5629 	5350 
A3120,HD,NO	: 	: 	413 	372 	469 	489 	273 	197 	332 	277 	269 
A3120,HD,PL	: 	: 	316 	533 	254 	252 	342 	393 	855 	1671 	1420 
A3120,HD,PT	: 	: 	856 	554 	1188 	678 	343 	: 	: 	: 	: 
A3120,HD,RO	: 	: 	0 	0 	0 	3 	7 	14 	33 	77 	42 
A3120,HD,RS	: 	: 	0 	2 	2 	2 	0 	0 	: 	0 	: 
A3120,HD,SE	: 	: 	3248 	3570 	3500 	3265 	3042 	2729 	1904 	1996 	1792 
A3120,HD,SI	: 	: 	313 	347 	397 	351 	335 	356 	226 	203 	166 
A3120,HD,SK	: 	: 	120 	44 	38 	14 	33 	30 	20 	38 	17 
A3120,HD,TR	: 	: 	0 	0 	0 	0 	0 	0 	0 	0 	: 
A3120,HD,UK	: 	: 	: 	3416 	3807 	5224 	4290 	3389 	3881 	4027 	5942 
A3130,HD,AT	: 	: 	39892 	35922 	35663 	35704 	29568 	37786 	32541 	: 	: 
A3130,HD,BE	: 	: 	12497 	1183 	1467 	3526 	309 	583 	24 	: 	: 
A3130,HD,BG	: 	: 	57 	0 	0 	0 	1 	1 	0 	0 	0 
A3130,HD,CH	: 	: 	14203 	15028 	14193 	12644 	11064 	10218 	12489 	10309 	10214 
A3130,HD,CY	: 	: 	0 	0 	0 	0 	0 	0 	0 	0 	: 
A3130,HD,CZ	: 	: 	331 	320 	384 	316 	244 	240 	229 	194 	41 
A3130,HD,DE	: 	: 	190349 	: 	: 	: 	: 	: 	: 	: 	: 
A3130,HD,DK	: 	: 	242369 	246235 	248376 	196104 	136806 	133199 	87339 	98531 	107879 
A3130,HD,EE	: 	: 	100 	55 	4 	5 	7 	40 	21 	309 	20 
A3130,HD,EL	: 	: 	1701 	1774 	1513 	1531 	1728 	1730 	1884 	1567 	2467 
A3130,HD,ES	: 	: 	41 	35 	115 	115 	115 	7 	63 	57 	29 
A3130,HD,FI	: 	: 	30 	13 	35 	14 	31 	31 	20 	224 	15 
A3130,HD,FR	: 	: 	168896 e	208353 e	133259 	110695 	100091 	88931 	82148 	76784 	69850 
A3130,HD,HR	: 	: 	192 	1599 	648 	562 	452 	390 	252 	296 	453 
A3130,HD,HU	: 	: 	1008 	1966 	1475 	1658 	1682 	171 	1211 	3546 	2407 
A3130,HD,IE	: 	: 	231 	173 	235 	438 	198 	185 	175 	67 	145 
A3130,HD,IS	: 	: 	0 	0 	0 	0 	: 	: 	: 	: 	: 
A3130,HD,IT	: 	: 	8821 	: 	25764 	30076 	10294 	7775 	9632 	10307 	4798 
A3130,HD,LT	: 	: 	3 	1 	1 	2 	2 	8 	14 	32 	11 
A3130,HD,LU	: 	: 	464 	336 	288 	210 	329 	358 	393 	370 	487 
A3130,HD,LV	: 	: 	618 	553 	494 	754 	737 	796 	1007 	1263 	1318 
A3130,HD,ME	: 	: 	0 	0 	0 	0 	0 	: 	: 	: 	: 
A3130,HD,MK	: 	: 	: 	: 	: 	: 	: 	: 	0 	0 	: 
A3130,HD,MT	: 	: 	0 	0 	0 	0 	0 	0 	0 	0 	0 
A3130,HD,NL	: 	: 	42246 	43254 	36723 	33860 	28211 	28689 	27324 	25475 	24220 
A3130,HD,NO	: 	: 	851 	823 	843 	1315 	548 	473 	837 	699 	765 
A3130,HD,PL	: 	: 	1646 	1078 	1207 	1806 	1480 	2585 	4122 	3124 	: 
A3130,HD,PT	: 	: 	1180 	2197 	908 	383 	269 	: 	: 	: 	: 
A3130,HD,RO	: 	: 	14 	9 	9 	0 	0 	29 	75 	56 	90 
A3130,HD,RS	: 	: 	0 	47 	35 	80 	215 	100 	: 	57 	: 
A3130,HD,SE	: 	: 	17212 	17653 	15926 	15583 b	6508 	6554 	4680 	5032 	: 
A3130,HD,SI	: 	: 	2679 	2905 	2806 	3442 	918 	728 	1425 	1309 	1219 
A3130,HD,SK	: 	: 	88 	123 	99 	53 	78 	32 	59 	44 	36 
A3130,HD,TR	: 	: 	0 	0 	0 	0 	0 	0 	0 	0 	: 
A3130,HD,UK	: 	: 	: 	9922 	12337 	8707 	5721 	5603 	7403 	5389 	6885 
A3132,HD,AT	: 	: 	35446 	31426 	32682 	31543 	28084 	34717 	30046 	25742 	30385 
A3132,HD,BE	: 	: 	18110 	14685 	14409 	13215 	10097 	9085 	8946 	9469 	9661 
A3132,HD,BG	: 	: 	80 	0 	0 	240 	71 	18 	0 	0 	0 
A3132,HD,CH	: 	: 	18126 	20470 	20724 	18901 	15538 	14816 	14125 	14015 	11737 
A3132,HD,CY	: 	: 	0 	0 	0 	0 	0 	0 	0 	0 	0 
A3132,HD,CZ	: 	: 	1615 	2129 	2127 	1465 	1468 	1303 	1556 	1451 	1361 
A3132,HD,DK	: 	: 	201388 	232028 	226351 	168229 	138132 	120918 	120453 	132516 	115573 
A3132,HD,EE	: 	: 	598 	554 	398 	489 	553 	704 	643 	615 	660 
A3132,HD,EL	: 	: 	2370 	2212 	2275 	1928 	1977 	1469 	1512 	1770 	1892 
A3132,HD,ES	: 	: 	36247 	29990 	18997 	8721 	8083 	9817 	5788 	6665 	6144 
A3132,HD,FI	: 	: 	3981 	4472 	4101 	4277 	4450 	5119 	4504 	4302 	1451 
A3132,HD,FR	: 	: 	253316 e	214082 e	172529 	161250 	132294 	122457 	122556 	116375 	106915 
A3132,HD,HR	: 	: 	37 	219 	104 	571 	425 	450 	558 	641 	497 
A3132,HD,HU	: 	: 	1699 	2691 	2008 	2653 	2101 	3023 	3719 	741 	1442 
A3132,HD,IE	: 	: 	284 	252 	283 	169 	280 	183 	222 	344 	633 
A3132,HD,IS	: 	: 	0 	0 	0 	0 	: 	: 	: 	: 	: 
A3132,HD,IT	: 	: 	35380 	: 	19553 	24648 	36860 	34349 	33114 	25902 	29421 
A3132,HD,LT	: 	: 	143 	114 	124 	73 	149 	143 	203 	277 	344 
A3132,HD,LU	: 	: 	555 	580 	516 	559 	421 	457 	472 	441 	416 
A3132,HD,LV	: 	: 	918 	1111 	1083 	1483 	1754 	1665 	2585 	3028 	2692 
A3132,HD,ME	: 	: 	0 	0 	0 	0 	0 	: 	: 	: 	: 
A3132,HD,MK	: 	: 	: 	: 	: 	: 	: 	: 	0 	0 	: 
A3132,HD,MT	: 	: 	0 	0 	0 	0 	0 	0 	0 	0 	0 
A3132,HD,NL	: 	: 	50513 	53933 	48069 	45580 	36088 	34353 	35580 	32484 	30890 
A3132,HD,NO	: 	: 	1514 	1625 	1612 	1670 	1234 	873 	1462 	955 	1279 
A3132,HD,PL	: 	: 	1291 	2578 	1760 	1835 	2627 	3331 	2981 	4976 	7162 
A3132,HD,PT	: 	: 	1 	4006 	800 	96 	35 	: 	: 	: 	: 
A3132,HD,RO	: 	: 	0 	0 	0 	17 	13 	43 	18 	125 	212 
A3132,HD,RS	: 	: 	326 	266 	247 	5 	8 	0 	: 	0 	: 
A3132,HD,SE	: 	: 	15104 	15426 	14153 	11918 b	19403 	17456 	13082 	13520 	: 
A3132,HD,SI	: 	: 	: 	: 	: 	: 	2395 	2261 	1484 	1286 	1100 
A3132,HD,SK	: 	: 	935 	475 	410 	91 	327 	441 	96 	105 	93 
A3132,HD,TR	: 	: 	0 	0 	0 	0 	0 	0 	0 	0 	: 
A3132,HD,UK	: 	: 	: 	20621 	21296 	25169 	21470 	20974 	17031 	20749 	21821 
A4100,HD,AT	126717 	118593 	122843 	123541 	123495 	119745 	112182 	102601 	99286 	100238 	99752 
A4100,HD,BE	: 	28326 	28070 	27349 	24670 	25026 	21161 	18103 	15923 	14102 	12841 
A4100,HD,BG	16344 	19873 	19090 	22780 	21072 	25959 	26809 	18792 	7250 	7894 	9175 
A4100,HD,CH	92032 	88828 	85965 	86679 	84765 	82792 	80214 	80283 	93062 	91989 	88241 
A4100,HD,CY	: 	1104 	1037 	971 	879 	791 	615 	1225 	1306 	1060 	957 
A4100,HD,CZ	: 	75600 	80116 	87863 	94089 	98559 	101022 	102523 	100385 	101528 	93375 
A4100,HD,DE	204429 e	203248 e	243836 	194241 	193023 	194241 	225530 	227674 	230700 	226300 	237912 
A4100,HD,DK	: 	12614 	11928 	11435 	11292 	10861 	9751 	9332 	9820 	10257 	10202 
A4100,HD,EE	28973 	27930 	29901 	32504 	32901 	34441 	36093 	37465 	37622 	33515 	35437 
A4100,HD,EL	: 	1728702 	1440721 	1229684 	1299677 	935267 	593999 	609617 	604364 	610489 	593609 
A4100,HD,ES	: 	672047 	580200 	594875 	622958 	590900 	582517 	596209 	467479 	421803 	506228 
A4100,HD,EU	: 	: 	: 	5089677 p	5718230 	4948311 	4496061 	4490717 	4367463 	4323799 	4425820 
A4100,HD,EU27_2020	: 	: 	: 	4307424 p	4891632 	4058773 	3654951 	3616521 	3408523 	3324599 	3291324 
A4100,HD,EU28	: 	: 	: 	5089677 p	5718230 	4948311 	4496061 	4490717 	4367463 	4323799 	4443421 
A4100,HD,FI	: 	33062 	29829 	32883 	31985 	31140 	31516 	27562 	23897 	19229 	17201 
A4100,HD,FR	: 	819373 e	760938 e	737091 e	1132809 	602124 	513276 	457638 	427873 	426412 	393197 
A4100,HD,HR	: 	76308 	61382 	65632 	62315 	54583 	50135 	23774 	21690 	19433 	17601 
A4100,HD,HU	: 	9206 	8506 	11801 	5538 	6260 	8138 	7913 	7916 	7839 	6972 
A4100,HD,IE	: 	87259 	84859 	84949 	83302 	75015 	63650 	51645 	42201 	42500 	38952 
A4100,HD,IS	: 	201 	666 	1241 	1226 	1281 	: 	: 	: 	: 	: 
A4100,HD,IT	: 	579895 	627747 	596182 p	680369 	736502 	776454 	785170 	757666 	755419 	707623 
A4100,HD,LT	: 	19761 	20276 	23076 	24158 	26840 	21282 	19978 	20257 	19051 	15463 
A4100,HD,LU	: 	750 	778 	837 	539 	476 	521 	603 	670 	649 	737 
A4100,HD,LV	: 	34049 	34662 	37759 	39407 	39882 	36366 	32363 	27285 	26969 	23819 
A4100,HD,ME	779 	987 	1369 	1787 	1545 	1426 	1643 	: 	: 	: 	: 
A4100,HD,MK	: 	110876 	122230 	110669 	101317 	94825 	81621 	70170 	52288 	: 	: 
A4100,HD,MT	: 	0 	0 	0 	0 	0 	0 	0 	0 	0 	0 
A4100,HD,NL	: 	16653 	15422 	15129 	12815 	13321 	12352 	12477 	14478 	18820 	19760 
A4100,HD,NO	: 	46279 	44115 	43554 	46823 	49237 	50902 	48559 	46390 	46347 	47332 
A4100,HD,PL	: 	12807 	15803 	15092 	16243 	19595 	19474 	25754 	29880 	32548 	39837 
A4100,HD,PT	: 	92776 	93385 	94117 	96620 	99328 	85551 	108375 	91299 	88528 	90665 
A4100,HD,RO	: 	13837 	13189 	19367 	32579 	55483 	66401 	85419 	114843 	80309 	51722 
A4100,HD,RS	: 	: 	5711 	6099 	5138 	4665 	2252 	3232 	1285 	2793 	: 
A4100,HD,SE	: 	106419 	110113 	119166 	128914 	126724 	130719 	121877 	121667 	118760 	125577 
A4100,HD,SI	: 	33822 	31695 	35225 	35071 	36981 	35841 	35193 	35790 	34234 	35383 
A4100,HD,SK	: 	66410 e	79107 	93875 	84912 	98729 	93596 	97239 	96976 	106713 	107327 
A4100,HD,TR	: 	2004 	2454 d	16711 d	10475 	10900 	17334 	22566 	16379 	73414 	: 
A4100,HD,UK	: 	: 	: 	782253 	826598 	889538 	841110 	874196 	958940 	999200 	1152097 
A4110,HD,AT	: 	: 	62984 	64133 	63118 	60106 	59066 	51799 	48495 	61346 	: 
A4110,HD,BE	: 	: 	15686 	15678 	14164 	15224 	: 	: 	8521 	: 	: 
A4110,HD,BG	: 	: 	8067 	21529 	20044 	21886 	14125 	12551 	5046 	7522 	8354 
A4110,HD,CH	: 	: 	57904 	58552 	57452 	55924 	54448 	53391 	54522 	54519 	51699 
A4110,HD,CY	: 	: 	901 	745 	761 	385 	320 	727 	792 	: 	: 
A4110,HD,CZ	: 	: 	55905 	59967 	63903 	66815 	67659 	68326 	64893 	65671 	59908 
A4110,HD,DE	: 	: 	149078 	: 	: 	: 	140874 	: 	: 	: 	: 
A4110,HD,DK	: 	: 	11858 	11295 	11189 	10731 	9679 	9208 	9709 	: 	10078 
A4110,HD,ES	: 	: 	564224 	581079 	609658 	582440 	579242 	585908 	458757 	410084 	481116 
A4110,HD,FI	: 	: 	23430 d	26004 d	30242 	: 	: 	: 	: 	17925 	16082 
A4110,HD,FR	: 	: 	: 	425226 e	405297 	295760 	252443 	223673 	209228 	205543 	190539 
A4110,HD,HR	: 	: 	58952 	61781 	56752 	47655 	47236 	5299 	12772 	16248 	: 
A4110,HD,IE	: 	: 	60259 	60130 	: 	53939 	43806 	38016 	: 	29817 	25546 
A4110,HD,IS	: 	: 	: 	1182 	: 	: 	: 	: 	: 	: 	: 
A4110,HD,IT	: 	: 	: 	: 	: 	: 	: 	721312 	697175 	571356 	613433 
A4110,HD,LT	: 	: 	9788 	10805 	11401 	10598 	8527 	8273 	9077 	9151 	7042 
A4110,HD,LU	: 	: 	434 	431 	299 	230 	286 	342 	389 	398 	400 
A4110,HD,LV	: 	: 	21776 	23236 	23962 	16687 	15427 	18508 	11611 	14006 	13975 
A4110,HD,ME	: 	: 	1034 	1235 	1545 	1426 	1643 	: 	: 	: 	: 
A4110,HD,MT	: 	: 	: 	: 	0 	0 	0 	0 	0 	: 	0 
A4110,HD,NL	: 	: 	10014 	9808 	7904 	8052 	7610 	: 	8558 	11588 	11640 
A4110,HD,PL	: 	: 	: 	8062 	7665 	10566 	7817 	11109 	16874 	21810 	24663 
A4110,HD,PT	: 	: 	87725 	87820 	91600 	94965 	: 	: 	: 	: 	: 
A4110,HD,RO	: 	: 	11509 	14832 	: 	: 	: 	: 	96737 	: 	: 
A4110,HD,RS	: 	: 	1753 	3174 	2270 	3067 	: 	0 	: 	: 	: 
A4110,HD,SE	: 	: 	: 	: 	: 	: 	58405 	55379 	57929 	56890 	52599 
A4110,HD,SK	: 	: 	: 	: 	71792 	67305 	79728 	80385 	78370 	81437 	63489 
A4110,HD,TR	: 	: 	: 	: 	10191 	10871 	16832 	21744 	16098 	70234 	: 
A4110,HD,UK	: 	: 	: 	291019 	446638 	462962 	431364 	444270 	489599 	512128 	571514 
A4110K,HD,AT	64609 	61746 	: 	: 	: 	: 	: 	: 	: 	: 	: 
A4110K,HD,BE	: 	18222 	: 	: 	: 	: 	: 	: 	: 	: 	: 
A4110K,HD,BG	7714 	9601 	: 	: 	: 	: 	: 	: 	: 	: 	: 
A4110K,HD,CH	60065 	: 	: 	: 	: 	: 	: 	: 	: 	: 	: 
A4110K,HD,CZ	: 	53541 	: 	: 	: 	: 	: 	: 	: 	: 	: 
A4110K,HD,DK	: 	10793 	: 	: 	: 	: 	: 	: 	: 	: 	: 
A4110K,HD,FI	: 	27123 	: 	: 	: 	: 	: 	: 	: 	: 	: 
A4110K,HD,FR	: 	645673 e	: 	: 	: 	: 	: 	: 	: 	: 	: 
A4110K,HD,IS	: 	191 	: 	: 	: 	: 	: 	: 	: 	: 	: 
A4110K,HD,LU	: 	406 	: 	: 	: 	: 	: 	: 	: 	: 	: 
A4110K,HD,ME	604 	860 	: 	: 	: 	: 	: 	: 	: 	: 	: 
A4110K,HD,MT	: 	0 	: 	: 	: 	: 	: 	: 	: 	: 	: 
A4110K,HD,NL	: 	10933 d	: 	: 	: 	: 	: 	: 	: 	: 	: 
A4110K,HD,RO	: 	10978 	: 	: 	: 	: 	: 	: 	: 	: 	: 
A4110K,HD,SE	: 	49988 	: 	: 	: 	: 	: 	: 	: 	: 	: 
A4110K,HD,SK	: 	13884 e	: 	: 	: 	: 	: 	: 	: 	: 	: 
A4120,HD,AT	: 	: 	59859 	59408 	60377 	59639 	53116 	50802 	50791 	: 	: 
A4120,HD,BE	: 	: 	12384 	11671 	10506 	9802 	: 	: 	7402 	: 	: 
A4120,HD,BG	: 	: 	11023 	1251 	1028 	4073 	12684 	6241 	2204 	372 	821 
A4120,HD,CH	: 	: 	28061 	28127 	27313 	26868 	25766 	26892 	38540 	37470 	36542 
A4120,HD,CY	: 	: 	136 	226 	118 	406 	295 	498 	514 	: 	: 
A4120,HD,CZ	: 	: 	24211 	27896 	30186 	31744 	33363 	34197 	35492 	35857 	33467 
A4120,HD,DE	: 	: 	94758 	: 	: 	: 	84656 	: 	: 	: 	: 
A4120,HD,DK	: 	: 	70 	140 	103 	130 	72 	124 	111 	: 	124 
A4120,HD,ES	: 	: 	15976 	13796 	13300 	8460 	3275 	10301 	8722 	11719 	25112 
A4120,HD,FI	: 	: 	1454 d	1962 d	1743 	: 	: 	: 	: 	1304 	1119 
A4120,HD,FR	: 	: 	: 	311865 e	727512 	306364 	260833 	233965 	218645 	220869 	202658 
A4120,HD,HR	: 	: 	2430 	3851 	5563 	6928 	2899 	18475 	8918 	3185 	: 
A4120,HD,IE	: 	: 	24600 	24819 	: 	21076 	19844 	13629 	: 	12683 	13406 
A4120,HD,IS	: 	: 	: 	59 	: 	: 	: 	: 	: 	: 	: 
A4120,HD,IT	: 	: 	: 	: 	: 	: 	: 	63858 	60491 	: 	94190 
A4120,HD,LT	: 	: 	10488 	12271 	12757 	16242 	12755 	11705 	11180 	9900 	8421 
A4120,HD,LU	: 	: 	344 	406 	240 	246 	235 	261 	281 	251 	337 
A4120,HD,LV	: 	: 	12886 	14523 	15445 	23195 	20939 	13855 	15674 	12963 	9844 
A4120,HD,ME	: 	: 	335 	552 	0 	0 	0 	: 	: 	: 	: 
A4120,HD,MT	: 	: 	: 	: 	0 	0 	0 	0 	0 	: 	0 
A4120,HD,NL	: 	: 	5408 	5321 	4911 	5269 	4742 	: 	5920 	7232 	8120 
A4120,HD,PL	: 	: 	: 	7030 	8578 	9029 	11657 	14645 	13006 	10738 	15174 
A4120,HD,PT	: 	: 	5660 	6297 	5020 	4363 	: 	: 	: 	: 	: 
A4120,HD,RO	: 	: 	1680 	4535 	: 	: 	: 	: 	18106 	: 	: 
A4120,HD,RS	: 	: 	3958 	2925 	2868 	1598 	2252 	3232 	: 	: 	: 
A4120,HD,SE	: 	: 	: 	: 	: 	: 	72314 	66498 	63738 	61870 	72978 
A4120,HD,SI	: 	: 	: 	: 	: 	: 	: 	: 	: 	34234 	35383 
A4120,HD,SK	: 	: 	: 	: 	13120 	31424 	13868 	16854 	18606 	25276 	43838 
A4120,HD,TR	: 	: 	: 	: 	284 	29 	502 	822 	281 	3180 	: 
A4120,HD,UK	: 	: 	: 	491234 	379960 	426576 	409746 	429926 	469341 	487072 	580583 
A4200,HD,AT	55478 	52879 	51500 	51751 	51099 	48017 	45879 	40686 	39293 	38633 	38091 
A4200,HD,BE	: 	11464 	9433 	7670 	7824 	7440 	7021 	5997 	5778 	5713 	5177 
A4200,HD,BG	6592 	8108 	8296 	7956 	8039 	9023 	8242 	5381 	3201 	3235 	2831 
A4200,HD,CH	22948 	22439 	22047 	22554 	22317 	20797 	19395 	19353 	22552 	22231 	21204 
A4200,HD,CY	: 	5519 	4732 	4535 	4155 	4074 	4359 	3891 	4502 	3844 	3971 
A4200,HD,CZ	: 	8342 	8837 	9452 	8857 	9240 	9229 	9656 	9112 	7701 	7620 
A4200,HD,DE	51358 e	51358 e	51358 	: 	: 	: 	46143 	: 	: 	42200 	: 
A4200,HD,DK	: 	1754 	1827 	2075 	2158 	1663 	2015 	1731 	2039 	2079 	3062 
A4200,HD,EE	548 	1127 	814 	1377 	1413 	1476 	1396 	1602 	1163 	1122 	732 
A4200,HD,EL	: 	576859 	518722 	498219 	494031 	375514 	326255 	344479 	353964 	356002 	349789 
A4200,HD,ES	: 	91235 	83465 	79966 	76506 	71741 	73400 	69448 	56466 	50182 	55995 
A4200,HD,FI	: 	1717 	1732 	3137 	2004 	1033 	507 	523 	664 	219 	643 
A4200,HD,FR	: 	158938 e	140278 e	124682 e	109938 	92874 	82146 	72542 	67911 	71442 	60819 
A4200,HD,HR	: 	5484 	4693 	5597 	4199 	3381 	3080 	2163 	1552 	1766 	1477 
A4200,HD,HU	: 	670 	611 	807 	572 	552 	1105 	538 	503 	917 	996 
A4200,HD,IE	: 	236 	144 	126 	144 	222 	123 	121 	329 	459 	634 
A4200,HD,IS	: 	0 	10 	0 	0 	0 	: 	: 	: 	: 	: 
A4200,HD,IT	: 	99580 	105109 	99418 p	110055 	115590 	113983 	100852 	92715 	92330 	79683 
A4200,HD,LT	: 	699 	677 	761 	1060 	1054 	1174 	989 	884 	: 	497 
A4200,HD,LU	: 	258 	315 	330 	333 	305 	212 	199 	171 	176 	204 
A4200,HD,LV	: 	2505 	2521 	2624 	2707 	2753 	2668 	2323 	2209 	2364 	2175 
A4200,HD,ME	0 	0 	0 	0 	5 	265 	300 	: 	: 	: 	: 
A4200,HD,MK	: 	5518 	5551 	4729 	6901 	4309 	4422 	4012 	2585 	2762 	: 
A4200,HD,MT	: 	0 	0 	0 	0 	0 	0 	0 	0 	0 	0 
A4200,HD,NL	: 	56682 	53373 	54886 	50944 	42624 	34548 	31037 	29737 	30737 	26280 
A4200,HD,NO	: 	2015 	1786 	1586 	1691 	1544 	1506 	1449 	1399 	1275 	1295 
A4200,HD,PL	: 	3379 	3645 	5270 	3145 	3147 	3519 	3268 	4190 	3591 	5252 
A4200,HD,PT	: 	6181 	6931 	5631 	5222 	6475 	5426 	6468 	6560 	6519 	8765 
A4200,HD,RO	: 	1080 	830 	8161 	1360 	1653 	2618 	5816 	6440 	3032 	: 
A4200,HD,RS	: 	: 	286 	536 	1486 	2048 	1115 	1117 	182 	81 	: 
A4200,HD,SE	: 	2013 e	1832 e	2344 e	1607 e	1523 e	: 	: 	: 	: 	1840 
A4200,HD,SI	: 	6758 	6545 	7085 	6856 	7049 	6857 	6461 	6448 	5867 	5698 
A4200,HD,SK	: 	1161 e	1230 	1498 	1419 	1272 	1429 	1527 	1005 	1979 	2052 
A4200,HD,TR	: 	: 	: 	: 	10685 	10932 	7022 	14297 	6256 	18639 	: 
A4200,HD,UK	: 	: 	: 	636 	717 	409 	535 	425 	401 	410 	346 
A4210,HD,AT	: 	: 	31177 	31642 	30576 	28034 	26716 	24076 	22155 	23903 	: 
A4210,HD,BE	: 	: 	7367 	6293 	6448 	: 	: 	: 	: 	: 	: 
A4210,HD,BG	: 	: 	4193 	7348 	7834 	8770 	7072 	4132 	3128 	3078 	2742 
A4210,HD,CH	: 	: 	17102 	17743 	17246 	16035 	14966 	15007 	14826 	14424 	14076 
A4210,HD,CY	: 	: 	3791 	3987 	3971 	2554 	2895 	3310 	3516 	: 	: 
A4210,HD,CZ	: 	: 	6651 	6902 	6604 	6829 	6435 	6554 	6011 	5147 	5043 
A4210,HD,DE	: 	: 	36313 	: 	: 	: 	31582 	: 	: 	: 	: 
A4210,HD,DK	: 	: 	1764 	2023 	2124 	1632 	1998 	1727 	2029 	: 	3031 
A4210,HD,ES	: 	: 	54887 	55076 	55160 	51412 	52586 	42683 	35028 	31009 	36510 
A4210,HD,FI	: 	: 	1666 d	3061 d	1984 	: 	: 	: 	: 	211 	617 
A4210,HD,FR	: 	: 	87906 e	81586 e	72507 	61228 	53284 	47354 	44283 	44180 	39236 
A4210,HD,HR	: 	: 	3794 	5037 	3779 	2553 	2844 	476 	1130 	1588 	: 
A4210,HD,IE	: 	: 	64 	57 	: 	100 	: 	55 	: 	166 	427 
A4210,HD,IT	: 	: 	: 	: 	: 	: 	: 	95116 	86433 	71343 	71756 
A4210,HD,LT	: 	: 	374 	420 	331 	386 	801 	551 	427 	386 	251 
A4210,HD,LU	: 	: 	213 	163 	253 	183 	149 	166 	136 	117 	111 
A4210,HD,LV	: 	: 	1877 	1891 	1989 	1479 	1313 	1608 	1264 	1236 	1528 
A4210,HD,ME	: 	: 	0 	0 	5 	265 	300 	: 	: 	: 	: 
A4210,HD,MT	: 	: 	: 	: 	0 	0 	0 	0 	0 	: 	0 
A4210,HD,NL	: 	: 	41990 	42729 	39319 	28958 	22924 	23836 	21993 	23394 	20130 
A4210,HD,NO	: 	: 	1061 	865 	875 	1046 	982 	986 	959 	869 	817 
A4210,HD,PL	: 	: 	: 	4230 	2452 	2549 	2492 	2251 	2842 	2738 	3590 
A4210,HD,PT	: 	: 	6565 	4601 	4974 	5999 	: 	: 	: 	: 	: 
A4210,HD,RO	: 	: 	808 	8112 	: 	: 	: 	: 	5637 	: 	: 
A4210,HD,RS	: 	: 	20 	200 	218 	479 	: 	38 	: 	: 	: 
A4210,HD,SE	: 	: 	: 	: 	: 	: 	: 	: 	: 	: 	689 
A4210,HD,SK	: 	: 	: 	: 	924 	913 	1100 	1250 	893 	1874 	1289 
A4210,HD,TR	: 	: 	: 	: 	10497 	10843 	6992 	12997 	6118 	18484 	: 
A4220,HD,AT	: 	: 	20323 	20109 	20523 	19983 	19163 	16610 	17138 	: 	: 
A4220,HD,BE	: 	: 	2066 	1377 	1376 	: 	: 	: 	5778 	: 	: 
A4220,HD,BG	: 	: 	4103 	608 	205 	253 	1170 	1249 	73 	157 	89 
A4220,HD,CH	: 	: 	4945 	4811 	5071 	4762 	4429 	4346 	7726 	7807 	7128 
A4220,HD,CY	: 	: 	941 	548 	184 	1520 	1464 	581 	986 	: 	: 
A4220,HD,CZ	: 	: 	2186 	2550 	2253 	2411 	2794 	3102 	3101 	2554 	2577 
A4220,HD,DE	: 	: 	15045 	: 	: 	: 	14561 	: 	: 	: 	: 
A4220,HD,DK	: 	: 	63 	52 	34 	31 	17 	4 	10 	: 	31 
A4220,HD,ES	: 	: 	28578 	24890 	21346 	20329 	20814 	26765 	21438 	19173 	19485 
A4220,HD,FI	: 	: 	23 d	35 d	20 	: 	: 	: 	: 	8 	26 
A4220,HD,FR	: 	: 	52372 e	43096 e	37431 	31646 	28862 	25188 	23628 	27262 	21583 
A4220,HD,HR	: 	: 	899 	560 	420 	828 	236 	1687 	422 	178 	: 
A4220,HD,IE	: 	: 	80 	69 	: 	122 	: 	66 	: 	293 	207 
A4220,HD,IT	: 	: 	: 	: 	: 	: 	: 	5736 	6282 	: 	7927 
A4220,HD,LT	: 	: 	303 	341 	729 	668 	373 	438 	457 	371 	: 
A4220,HD,LU	: 	: 	102 	167 	80 	122 	63 	33 	35 	59 	93 
A4220,HD,LV	: 	: 	644 	733 	718 	1274 	1355 	715 	945 	1128 	647 
A4220,HD,ME	: 	: 	0 	0 	0 	0 	0 	: 	: 	: 	: 
A4220,HD,MT	: 	: 	: 	: 	0 	0 	0 	0 	0 	: 	0 
A4220,HD,NL	: 	: 	11383 	12157 	11625 	13666 	11624 	7201 	7744 	7343 	6150 
A4220,HD,NO	: 	: 	725 	721 	816 	498 	524 	463 	440 	406 	478 
A4220,HD,PL	: 	: 	: 	1040 	693 	598 	1027 	1017 	1348 	853 	1662 
A4220,HD,PT	: 	: 	366 	1030 	248 	476 	: 	: 	: 	: 	: 
A4220,HD,RO	: 	: 	22 	49 	: 	: 	: 	: 	803 	: 	: 
A4220,HD,RS	: 	: 	266 	336 	1268 	1569 	1115 	1079 	: 	: 	: 
A4220,HD,SE	: 	: 	: 	: 	: 	: 	: 	: 	: 	: 	1151 
A4220,HD,SI	: 	: 	: 	: 	: 	: 	: 	: 	: 	5867 	5698 
A4220,HD,SK	: 	: 	: 	: 	495 	359 	329 	277 	112 	105 	763 
A4220,HD,TR	: 	: 	: 	: 	188 	89 	30 	1300 	138 	155 	: 
A5000,HD,AT	: 	: 	3134238 	2840750 	2594068 	2401195 	2282384 	1747183 	1484362 	1403597 	1470854 
A5000,HD,BE	: 	: 	5109020 	4592154 	4096098 	3305490 	2701320 	2366087 	2098231 	1898791 	1832732 
A5000,HD,BG	: 	: 	3530 	2260 	2176 	3122 	3926 	3041 	500 	500 	0 
A5000,HD,CH	: 	: 	1298971 	1184263 	1053871 	986423 	850495 	778947 	739725 	673107 	603300 
A5000,HD,CY	: 	: 	20324 	23720 	24330 	19627 	19146 	7187 	8616 	9550 	4537 
A5000,HD,CZ	: 	: 	50079 	54174 	49675 	43675 	41808 	41320 	39330 	36610 	38566 
A5000,HD,DE	: 	: 	8562076 	: 	: 	: 	6777569 	: 	: 	4929300 	: 
A5000,HD,DK	: 	: 	3932411 	3349215 	3506802 	3856284 	2569163 	2216549 	1630407 	1588991 	1337906 
A5000,HD,EE	: 	: 	37784 	36315 	36212 	28797 	28423 	24132 	21801 	22373 	19387 
A5000,HD,EL	: 	: 	305757 	258751 	252280 	244914 	242371 	279915 	203154 	: 	: 
A5000,HD,ES	: 	: 	1965505 	1826581 	1030745 	830100 	605511 	460623 	391217 	338426 	197522 
A5000,HD,EU	: 	: 	: 	: 	: 	: 	42661084 	: 	: 	: 	: 
A5000,HD,EU27_2020	: 	: 	: 	: 	: 	: 	39839728 	: 	: 	: 	: 
A5000,HD,EU28	: 	: 	: 	: 	: 	: 	42661084 	: 	: 	: 	: 
A5000,HD,FI	: 	: 	341101 	335538 	312202 	258650 	226906 	220617 	188203 	163230 	147864 
A5000,HD,FR	: 	: 	23844564 e	22713723 e	20181495 	17128499 	14636658 	13052830 	12755234 	11708170 	11586402 
A5000,HD,HR	: 	: 	4918 	1523 	1870 	2174 	3388 	2093 	2540 	2036 	1947 
A5000,HD,HU	: 	: 	95349 	131367 	83538 	106292 	77520 	133065 	122536 	96442 	113975 
A5000,HD,IE	: 	: 	202748 	192376 	161816 	150890 	134221 	109602 	73451 	: 	84084 
A5000,HD,IS	: 	: 	12240 	15245 	12413 	12513 	: 	: 	: 	: 	: 
A5000,HD,IT	: 	: 	4364477 	: 	3482435 	3027604 	4636012 	4126584 	3490702 	3063404 	2824978 
A5000,HD,LT	: 	: 	12208 	10108 	16719 	13459 	7342 	6091 	6170 	6242 	4073 
A5000,HD,LU	: 	: 	38942 	33982 	32528 	30365 	30710 	25130 	20771 	21832 	20224 
A5000,HD,LV	: 	: 	47264 	45296 	37417 	34131 	31180 	22132 	24706 	27554 	37066 
A5000,HD,ME	: 	: 	300 	160 	170 	390 	0 	: 	: 	: 	: 
A5000,HD,MK	: 	: 	0 	0 	0 	0 	150 	80 	150 	96 	: 
A5000,HD,MT	: 	: 	0 	0 	0 	0 	0 	0 	0 	0 	0 
A5000,HD,NL	: 	: 	3890171 	3926491 	3733888 	3306422 	2902870 	2651981 	2356380 	: 	: 
A5000,HD,NO	: 	: 	629539 	611427 	592267 	495820 	397006 	349334 	338213 	322545 	303702 
A5000,HD,PL	: 	: 	696153 	484153 	349697 	291716 	250931 	202929 	257515 	243796 	290478 
A5000,HD,PT	: 	: 	56226 	64630 	57548 	48160 	42391 	63291 	57054 	45264 	44611 
A5000,HD,RO	: 	: 	171391 	126875 	83859 	: 	63254 	107639 	57797 	74220 	60121 
A5000,HD,RS	: 	: 	14936 	17880 	6735 	4415 	3122 	: 	1035 	1362 	: 
A5000,HD,SE	: 	: 	1371403 	1395620 	1411540 	1412488 	1418073 	1166569 	928601 	894392 	945533 
A5000,HD,SI	: 	: 	87972 	96641 	93145 	104940 	101340 	71618 	71537 	54757 	52757 
A5000,HD,SK	: 	: 	5332 	5863 	5340 	3876 	5311 	4131 	8250 	8708 	8849 
A5000,HD,TR	: 	: 	1119823 	844319 	1242170 	1262307 	1184042 	952610 	1088778 	881614 	: 
A5000,HD,UK	: 	: 	: 	3465009 	3383126 	3060220 	2821356 	2560305 	2398800 	2487640 	2457656 
A5000X5110O_5140,HD,AT	: 	: 	565376 	533964 	469871 	414192 	470208 	408979 	401272 	: 	: 
A5000X5110O_5140,HD,BE	: 	: 	520 	2722 	1101 	336 	181499 	97861 	106527 	: 	: 
A5000X5110O_5140,HD,BG	: 	: 	2480 	1560 	1476 	2772 	3926 	3041 	0 	: 	0 
A5000X5110O_5140,HD,CH	: 	: 	3047 	3189 	3628 	3431 	2603 	2581 	2780 	2922 	2597 
A5000X5110O_5140,HD,CY	: 	: 	0 	0 	0 	: 	: 	0 	0 	: 	: 
A5000X5110O_5140,HD,CZ	: 	: 	2616 	1760 	1773 	3208 	3399 	3141 	2447 	1785 	1989 
A5000X5110O_5140,HD,DE	: 	: 	1492674 	: 	: 	: 	242482 	: 	: 	: 	: 
A5000X5110O_5140,HD,DK	: 	: 	1243511 	772794 	973359 	953693 	142865 	168064 	127994 	: 	132239 
A5000X5110O_5140,HD,EE	: 	: 	434 	990 	1478 	1679 	1457 	1766 	1689 	2520 	: 
A5000X5110O_5140,HD,EL	: 	: 	: 	: 	: 	: 	: 	1900 	: 	: 	: 
A5000X5110O_5140,HD,ES	: 	: 	6181 	23824 	13780 	22404 	40709 	12290 	14203 	1431 	1477 
A5000X5110O_5140,HD,FI	: 	: 	27 d	11 d	116 	: 	: 	839 	1166 	469 	: 
A5000X5110O_5140,HD,FR	: 	: 	964517 e	815000 e	667481 	735549 	536520 	518761 	448198 	400038 	: 
A5000X5110O_5140,HD,HR	: 	: 	111 	133 	124 	443 	730 	774 	866 	39 	: 
A5000X5110O_5140,HD,HU	: 	: 	: 	: 	: 	: 	: 	: 	: 	: 	8090 
A5000X5110O_5140,HD,IE	: 	: 	37721 	37211 	: 	32419 	: 	27164 	: 	: 	: 
A5000X5110O_5140,HD,IS	: 	: 	25 	: 	: 	: 	: 	: 	: 	: 	: 
A5000X5110O_5140,HD,IT	: 	: 	: 	: 	: 	: 	: 	49924 	44008 	38345 	35314 
A5000X5110O_5140,HD,LT	: 	: 	283 	79 	375 	4499 d	547 	722 	1291 	871 	189 
A5000X5110O_5140,HD,LU	: 	: 	104 	82 	208 	75 	50 	80 	101 	82 	164 
A5000X5110O_5140,HD,LV	: 	: 	3876 	4537 	: 	: 	: 	: 	3254 	: 	: 
A5000X5110O_5140,HD,ME	: 	: 	0 	0 	0 	0 	0 	: 	: 	: 	: 
A5000X5110O_5140,HD,MK	: 	: 	: 	: 	: 	: 	: 	: 	60 	44 	: 
A5000X5110O_5140,HD,MT	: 	: 	: 	: 	0 	0 	0 	0 	0 	: 	0 
A5000X5110O_5140,HD,NL	: 	: 	35356 	34654 	10829 	11020 	: 	160 	9602 	: 	: 
A5000X5110O_5140,HD,NO	: 	: 	204330 	221132 	166125 	133028 	122143 	119643 	121095 	124586 	123608 
A5000X5110O_5140,HD,PL	: 	: 	: 	57530 	33633 	69176 	34807 	31822 	42258 	38982 	55905 
A5000X5110O_5140,HD,PT	: 	: 	999 	2277 	197 	117 	: 	: 	: 	: 	: 
A5000X5110O_5140,HD,RO	: 	: 	1148 	1460 	: 	1300 	: 	: 	0 	: 	20 
A5000X5110O_5140,HD,RS	: 	: 	68 	349 	0 	0 	0 	0 	: 	: 	: 
A5000X5110O_5140,HD,SI	: 	: 	: 	: 	: 	: 	: 	: 	4202 	3370 	2286 
A5000X5110O_5140,HD,SK	: 	: 	: 	: 	: 	46 	681 	25 	0 	2 	0 
A5000X5110O_5140,HD,TR	: 	: 	: 	0 	0 	0 	0 	0 	0 	: 	: 
A5000X5110O_5140,HD,UK	: 	: 	: 	112188 	89550 	95575 	112103 	114605 	102903 	77574 	59215 
A5110O,HD,AT	: 	: 	1035485 	915800 	875475 	854826 	831477 	740625 	625222 	: 	809790 
A5110O,HD,BE	: 	: 	911803 	905960 	825850 	665390 	352046 	362569 	281657 	277822 	320194 
A5110O,HD,BG	: 	: 	1050 	700 	700 	350 	0 	0 	500 	: 	0 
A5110O,HD,CH	: 	: 	937915 	855584 	791739 	750022 	655764 	620802 	598149 	534086 	488944 
A5110O,HD,CY	: 	: 	13939 	15167 	10354 	8162 	8111 	4187 	5616 	3550 	: 
A5110O,HD,CZ	: 	: 	17551 	21864 	19942 	14110 	15855 	16337 	13746 	19777 	13538 
A5110O,HD,DE	: 	: 	5761932 	: 	: 	: 	5350342 	: 	: 	: 	: 
A5110O,HD,DK	: 	: 	1216144 	1279786 	1147678 	1035027 	1492382 	1422682 	998935 	1038053 	910356 
A5110O,HD,EE	: 	: 	30325 	30760 	29642 	22143 	22423 	17541 	17104 	17118 	16191 
A5110O,HD,EL	: 	: 	: 	: 	: 	: 	: 	67765 	: 	: 	: 
A5110O,HD,ES	: 	: 	943106 	833937 	629508 	444796 	313632 	253102 	211318 	185247 	124229 
A5110O,HD,FI	: 	: 	319839 d	311550 d	284342 	: 	: 	198064 	166424 	162711 	: 
A5110O,HD,FR	: 	: 	8733652 e	7733313 e	6592834 	5020034 	4372013 	3894718 	3734551 	3351274 	3356877 
A5110O,HD,HR	: 	: 	4800 	1367 	1661 	1702 	2508 	1114 	691 	475 	: 
A5110O,HD,HU	: 	: 	: 	: 	: 	: 	: 	: 	: 	: 	35608 
A5110O,HD,IE	: 	: 	132121 	127669 	: 	96190 	: 	73732 	: 	57152 	: 
A5110O,HD,IS	: 	: 	12215 	: 	: 	12513 	: 	: 	: 	: 	: 
A5110O,HD,IT	: 	: 	: 	: 	: 	: 	: 	1865558 	1904439 	1901639 	2010618 
A5110O,HD,LT	: 	: 	8266 	10029 	12950 	8960 	6795 	5369 	4879 	5371 	3884 
A5110O,HD,LU	: 	: 	23938 	18900 	16970 	14590 	14460 	10200 	10350 	11100 	9140 
A5110O,HD,LV	: 	: 	33645 	36148 	: 	: 	: 	: 	20796 	: 	: 
A5110O,HD,ME	: 	: 	300 	160 	170 	390 	0 	: 	: 	: 	: 
A5110O,HD,MK	: 	: 	: 	: 	: 	: 	: 	: 	90 	52 	: 
A5110O,HD,MT	: 	: 	: 	: 	0 	0 	0 	0 	0 	: 	0 
A5110O,HD,NL	: 	: 	3663838 	3755640 	3623193 	3210893 	: 	2574561 	2285152 	2089448 	2120890 
A5110O,HD,NO	: 	: 	316569 	307495 	294342 	264146 	242067 	203846 	181246 	161619 	151095 
A5110O,HD,PL	: 	: 	: 	405405 	279986 	184241 	179787 	139222 	193779 	188351 	203754 
A5110O,HD,PT	: 	: 	50151 	51766 	48362 	35949 	: 	: 	: 	: 	: 
A5110O,HD,RO	: 	: 	143198 	125415 	: 	: 	60220 	: 	57797 	69831 	60064 
A5110O,HD,RS	: 	: 	8676 	6780 	4235 	2415 	3122 	: 	: 	: 	: 
A5110O,HD,SE	: 	: 	1222543 	1260977 	1283105 	1241010 	1272855 	1114159 	900002 	868378 	775407 
A5110O,HD,SI	: 	: 	: 	: 	: 	: 	: 	: 	27558 	26501 	28513 
A5110O,HD,SK	: 	: 	: 	: 	: 	3830 	4414 	4063 	8237 	8686 	8849 
A5110O,HD,TR	: 	: 	: 	749736 	635380 	657407 	575180 	362806 	254611 	187102 	: 
A5110O,HD,UK	: 	: 	: 	1585192 	1414866 	1239210 	1134991 	1091089 	1022795 	1016668 	1080223 
A5110OH,HD,AT	1179556 	1052706 	: 	: 	: 	: 	: 	: 	: 	: 	: 
A5110OH,HD,BE	: 	974573 	: 	: 	: 	: 	: 	: 	: 	: 	: 
A5110OH,HD,BG	1400 	1037 	: 	: 	: 	: 	: 	: 	: 	: 	: 
A5110OH,HD,CH	758755 	699436 	: 	: 	: 	: 	: 	: 	: 	: 	: 
A5110OH,HD,CZ	: 	30427 	: 	: 	: 	: 	: 	: 	: 	: 	: 
A5110OH,HD,DE	7658983 e	7211257 e	: 	: 	: 	: 	: 	: 	: 	: 	: 
A5110OH,HD,DK	: 	1247549 	: 	: 	: 	: 	: 	: 	: 	: 	: 
A5110OH,HD,EE	27185 	32312 	: 	: 	: 	: 	: 	: 	: 	: 	: 
A5110OH,HD,EL	: 	120915 	: 	: 	: 	: 	: 	: 	: 	: 	: 
A5110OH,HD,ES	: 	1147197 	: 	: 	: 	: 	: 	: 	: 	: 	: 
A5110OH,HD,FI	: 	361221 	: 	: 	: 	: 	: 	: 	: 	: 	: 
A5110OH,HD,FR	: 	9536193 e	: 	: 	: 	: 	: 	: 	: 	: 	: 
A5110OH,HD,HU	: 	52777 	: 	: 	: 	: 	: 	: 	: 	: 	: 
A5110OH,HD,IS	: 	12072 	: 	: 	: 	: 	: 	: 	: 	: 	: 
A5110OH,HD,LT	: 	12082 	: 	: 	: 	: 	: 	: 	: 	: 	: 
A5110OH,HD,LU	: 	22470 	: 	: 	: 	: 	: 	: 	: 	: 	: 
A5110OH,HD,LV	: 	29648 	: 	: 	: 	: 	: 	: 	: 	: 	: 
A5110OH,HD,ME	300 	200 	: 	: 	: 	: 	: 	: 	: 	: 	: 
A5110OH,HD,MK	: 	0 	: 	: 	: 	: 	: 	: 	: 	: 	: 
A5110OH,HD,MT	: 	0 	: 	: 	: 	: 	: 	: 	: 	: 	: 
A5110OH,HD,NL	: 	3632174 	: 	: 	: 	: 	: 	: 	: 	: 	: 
A5110OH,HD,NO	: 	324946 	: 	: 	: 	: 	: 	: 	: 	: 	: 
A5110OH,HD,RO	: 	186699 	: 	: 	: 	: 	: 	: 	: 	: 	: 
A5110OH,HD,SE	: 	1160856 	: 	: 	: 	: 	: 	: 	: 	: 	: 
A5110OH,HD,SK	: 	5691 e	: 	: 	: 	: 	: 	: 	: 	: 	: 
A5110OH,HD,TR	: 	800252 	: 	: 	: 	: 	: 	: 	: 	: 	: 
A5140,HD,AT	: 	: 	1533377 	1390986 	1248722 	1132177 	980699 	597579 	457868 	: 	339089 
A5140,HD,BE	: 	: 	4196697 	3683472 	3269147 	2639764 	2167775 	1905657 	1710047 	1620430 	1512538 
A5140,HD,BG	: 	: 	0 	0 	0 	0 	0 	0 	0 	: 	0 
A5140,HD,CH	: 	: 	358009 	325490 	258504 	232970 	192128 	155564 	138796 	136099 	111759 
A5140,HD,CY	: 	: 	6385 	8553 	13976 	11465 	11035 	3000 	3000 	6000 	: 
A5140,HD,CZ	: 	: 	29912 	30550 	27960 	26357 	22554 	21842 	23137 	15048 	23039 
A5140,HD,DE	: 	: 	1307470 	: 	: 	: 	1184745 	: 	: 	: 	: 
A5140,HD,DK	: 	: 	1472756 	1296635 	1385765 	1867564 	933916 	625803 	503478 	458203 	295311 
A5140,HD,EE	: 	: 	7025 	4565 	5092 	4975 	4543 	4825 	3008 	2735 	: 
A5140,HD,EL	: 	: 	: 	: 	: 	: 	: 	210250 	: 	: 	: 
A5140,HD,ES	: 	: 	1016218 	968820 	387457 	362900 	251170 	195231 	165696 	151748 	71806 
A5140,HD,FI	: 	: 	20550 d	23274 d	27744 	: 	: 	21714 	20613 	50 	: 
A5140,HD,FR	: 	: 	14146395 e	14165410 e	12921180 	11372916 	9728125 	8639351 	8572485 	7956858 	7879959 
A5140,HD,HR	: 	: 	7 	23 	85 	29 	150 	205 	983 	1522 	: 
A5140,HD,HU	: 	: 	: 	: 	: 	: 	: 	: 	: 	: 	70277 
A5140,HD,IE	: 	: 	32906 	27496 	: 	22281 	: 	8706 	: 	15552 	: 
A5140,HD,IT	: 	: 	: 	: 	: 	: 	: 	2211102 	1542255 	1123420 	779046 
A5140,HD,LT	: 	: 	3659 	0 	3394 	: 	0 	0 	: 	0 	0 
A5140,HD,LU	: 	: 	14900 	15000 	15350 	15700 	16200 	14850 	10320 	10650 	10920 
A5140,HD,LV	: 	: 	9743 	4611 	: 	: 	: 	: 	656 	: 	: 
A5140,HD,ME	: 	: 	0 	0 	0 	0 	0 	: 	: 	: 	: 
A5140,HD,MK	: 	: 	: 	: 	: 	: 	: 	: 	0 	0 	: 
A5140,HD,MT	: 	: 	: 	: 	0 	0 	0 	0 	0 	: 	0 
A5140,HD,NL	: 	: 	190977 	136197 	99866 	84509 	: 	77260 	61626 	82930 	77740 
A5140,HD,NO	: 	: 	108640 	82800 	131800 	98646 	32796 	25845 	35872 	36340 	28999 
A5140,HD,PL	: 	: 	: 	21218 	36078 	38299 	36337 	31885 	21478 	16463 	30819 
A5140,HD,PT	: 	: 	5076 	10587 	8989 	12094 	: 	: 	: 	: 	: 
A5140,HD,RO	: 	: 	27045 	: 	: 	: 	0 	: 	0 	: 	37 
A5140,HD,RS	: 	: 	6192 	10751 	2500 	2000 	: 	: 	: 	: 	: 
A5140,HD,SE	: 	: 	148860 	134643 	128435 	171478 	145218 	52410 	28599 	26014 	: 
A5140,HD,SI	: 	: 	: 	: 	: 	: 	: 	: 	39777 	24886 	21958 
A5140,HD,SK	: 	: 	: 	: 	: 	: 	216 	43 	13 	20 	0 
A5140,HD,TR	: 	: 	: 	94583 	606790 	604900 	608862 	589804 	834167 	694512 	: 
A5140,HD,UK	: 	: 	: 	1767629 	1878710 	1725435 	1574262 	1354611 	1273102 	1393398 	1318218 
A6110,HD,AT	: 	: 	3221 	3305 	3429 	3706 	4121 	3323 	3250 	1400 	3463 
A6110,HD,BE	: 	: 	55 	100 	78 	117 	18 	10 	50 	54 	: 
A6110,HD,BG	: 	: 	0 	0 	0 	0 	0 	0 	0 	: 	0 
A6110,HD,CH	: 	: 	1613 	1811 	1825 	1602 	1733 	1859 	2409 	2346 	2360 
A6110,HD,CY	: 	: 	0 	0 	0 	: 	: 	0 	0 	0 	0 
A6110,HD,CZ	: 	: 	16 	31 	16 	35 	47 	61 	289 	418 	329 
A6110,HD,DK	: 	: 	646 	619 	952 	546 	: 	: 	: 	: 	: 
A6110,HD,EE	: 	: 	269 	334 	435 	545 	490 	2453 	2136 	1344 	: 
A6110,HD,ES	: 	: 	1199 	1267 	1237 	1511 	657 	589 	32 	0 	0 
A6110,HD,FI	: 	: 	0 	0 	: 	: 	: 	0 	0 	: 	0 
A6110,HD,FR	: 	: 	6587 e	8612 e	10227 	9726 	9978 	7612 	6887 	2997 	4070 
A6110,HD,HR	: 	: 	: 	: 	: 	5 	5 	5 	5 	47 	23 
A6110,HD,IE	: 	: 	: 	0 	: 	0 	: 	: 	: 	: 	: 
A6110,HD,IS	: 	: 	: 	: 	: 	0 	: 	: 	: 	: 	: 
A6110,HD,IT	: 	: 	: 	: 	: 	: 	: 	5734 	6524 	6418 	6352 
A6110,HD,LT	: 	: 	0 	0 	0 	0 	166 	781 	92 	84 	57 
A6110,HD,LU	: 	: 	55 	59 	36 	67 	60 	59 	98 	93 	164 
A6110,HD,LV	: 	: 	4593 	5218 	5688 	5037 	5777 	5043 	7363 	5436 	3326 
A6110,HD,ME	: 	: 	0 	0 	0 	0 	0 	: 	: 	: 	: 
A6110,HD,MK	: 	: 	: 	: 	: 	: 	: 	: 	0 	0 	: 
A6110,HD,MT	: 	: 	: 	: 	0 	0 	0 	0 	0 	: 	0 
A6110,HD,NL	: 	: 	: 	: 	: 	: 	: 	: 	0 	0 	0 
A6110,HD,NO	: 	: 	0 	0 	9 	4 	2 	35 	32 	30 	0 
A6110,HD,PL	: 	: 	: 	3524 	3034 	5866 	9906 	9943 	4851 	6119 	9008 
A6110,HD,PT	: 	: 	0 	0 	0 	0 	: 	0 	0 	2740 	: 
A6110,HD,RO	: 	: 	0 	0 	: 	: 	: 	: 	0 	: 	: 
A6110,HD,RS	: 	: 	0 	0 	0 	0 	0 	0 	0 	: 	: 
A6110,HD,SE	: 	: 	: 	: 	: 	: 	: 	: 	: 	0 	: 
A6110,HD,SI	: 	: 	: 	: 	: 	: 	1849 	1598 	1694 	1436 	1402 
A6110,HD,SK	: 	: 	5 	0 	: 	: 	0 	0 	11 	11 	0 
A6110,HD,TR	: 	: 	: 	0 	0 	0 	0 	0 	0 	: 	: 
A6710R,NR,AT	: 	: 	22192 	22874 	21432 	19329 	19146 	25000 e	: 	: 	: 
A6710R,NR,BE	: 	: 	30 	22 	27 	24 	21 	24 	: 	0 	: 
A6710R,NR,BG	: 	: 	223151 	220765 	227721 	250434 	236462 	178331 	89553 	117360 	85346 
A6710R,NR,CY	: 	: 	184 	0 	0 	: 	: 	0 	0 	0 	0 
A6710R,NR,CZ	: 	: 	639 	703 	584 	87 	80 	27 	39 	703 	448 
A6710R,NR,DK	: 	: 	177 	631 	315 	277 	59 	50 	56 	: 	: 
A6710R,NR,EE	: 	: 	2899 	2530 	2384 	2771 	2189 	1139 	1684 	1131 	917 
A6710R,NR,ES	: 	: 	81650 	77020 	81030 	73878 	69126 	58253 	48470 	50822 	50823 
A6710R,NR,FI	: 	: 	6190 d	5483 d	4488 	: 	: 	4456 	4915 	4116 	3990 
A6710R,NR,FR	: 	: 	179027 e	142000 e	122545 	112292 	102767 	99740 	96478 	93157 	734 
A6710R,NR,HR	: 	: 	2367 	2023 	2022 	1721 	2065 	3418 	3649 	2678 	2462 
A6710R,NR,IE	: 	: 	: 	0 	: 	0 	: 	0 	: 	30 	58 
A6710R,NR,IS	: 	: 	: 	: 	: 	0 	: 	: 	: 	: 	: 
A6710R,NR,IT	: 	: 	: 	: 	: 	: 	: 	195341 	146692 	140004 	128241 
A6710R,NR,LT	: 	: 	1092 	902 	883 	1098 	994 	790 	790 	804 	806 
A6710R,NR,LU	: 	: 	116 	82 	63 	47 	37 	44 	44 	34 	33 
A6710R,NR,LV	: 	: 	23541 	24279 	28090 	25863 	27482 	24167 	15888 	12036 	16701 
A6710R,NR,ME	: 	: 	3381 	1964 	2788 	2375 	1851 	: 	: 	: 	: 
A6710R,NR,MK	: 	: 	9829 	9061 	8138 	7664 	7880 	6104 	6172 	6148 	: 
A6710R,NR,MT	: 	: 	: 	: 	0 	0 	0 	0 	0 	: 	0 
A6710R,NR,NO	: 	: 	1861 	1830 	1721 	1553 	1564 	1507 	1347 	1376 	1454 
A6710R,NR,PL	: 	: 	: 	2856 	2319 	2434 	1948 	2442 	1844 	1773 	1989 
A6710R,NR,PT	: 	: 	48604 	53849 	42105 	55249 	: 	55167 	47118 	33942 	32409 
A6710R,NR,RO	: 	: 	170789 	175959 	138557 	: 	86195 	79654 	81583 	81772 	85225 
A6710R,NR,RS	: 	: 	12618 	9969 	3061 	2307 	1735 	471 	884 	603 	: 
A6710R,NR,SI	: 	: 	: 	: 	: 	: 	1814 	1400 	1631 	1803 	1598 
A6710R,NR,SK	: 	: 	251 	439 	: 	426 	456 	354 	477 	364 	371 
A6710R,NR,TR	: 	: 	89128 	50100 	51742 	48153 	40371 	38296 	36391 	32342 	: 
A6900,HD,AT	: 	: 	10657 	10184 	9563 	8377 	9307 	8109 	: 	: 	: 
A6900,HD,BE	: 	: 	361 	345 	307 	290 	10286 	228 	264 	266 	: 
A6900,HD,BG	: 	: 	0 	0 	0 	0 	120 	20 	0 	: 	0 
A6900,HD,CH	: 	: 	3693 	3697 	3348 	3296 	3040 	2869 	2599 	2338 	2117 
A6900,HD,CY	: 	: 	0 	0 	0 	: 	: 	0 	0 	0 	0 
A6900,HD,CZ	: 	: 	100 	: 	0 	203 	127 	86 	75 	183 	157 
A6900,HD,DK	: 	: 	672 	586 	427 	722 	826 	524 	0 	: 	: 
A6900,HD,EE	: 	: 	13 	9 	0 	0 	: 	: 	: 	: 	: 
A6900,HD,ES	: 	: 	: 	: 	: 	: 	: 	209506 	500 	25 	0 
A6900,HD,FI	: 	: 	36 	48 	52 	: 	: 	: 	: 	: 	: 
A6900,HD,FR	: 	: 	: 	9106599 e	9846460 	8034922 	8106794 	: 	5988060 	: 	: 
A6900,HD,HR	: 	: 	: 	: 	10100 	: 	10400 	237 	: 	13472 	: 
A6900,HD,IE	: 	: 	861 	767 	: 	1038 	: 	771 	: 	: 	: 
A6900,HD,IT	: 	: 	: 	: 	: 	: 	: 	32154 	3812 	3766 	: 
A6900,HD,LT	: 	: 	919 	1051 	17 	0 	0 	1238 	1776 	1312 	: 
A6900,HD,LU	: 	: 	4 	4 	1 	0 	3 	4 	0 	0 	0 
A6900,HD,ME	: 	: 	0 	0 	0 	0 	0 	: 	: 	: 	: 
A6900,HD,MK	: 	: 	: 	: 	: 	: 	: 	: 	0 	0 	: 
A6900,HD,MT	: 	: 	: 	: 	0 	0 	0 	0 	0 	: 	0 
A6900,HD,NL	: 	: 	: 	: 	: 	: 	: 	: 	0 	0 	0 
A6900,HD,NO	: 	: 	0 	: 	: 	: 	: 	: 	: 	: 	: 
A6900,HD,PL	: 	: 	: 	3747 	3487 	4440 	4219 	4485 	5399 	4742 	: 
A6900,HD,PT	: 	: 	0 	0 	0 	0 	: 	: 	0 	0 	: 
A6900,HD,RO	: 	: 	1444 	1893 	: 	1791 	3353 	4515 	2667 	4878 	5217 
A6900,HD,RS	: 	: 	0 	0 	0 	47 	: 	0 	: 	: 	: 
A6900,HD,SI	: 	: 	: 	: 	: 	: 	1984 	1973 	1896 	1688 	1589 
A6900,HD,SK	: 	: 	14 	21 	: 	7 	19 	7 	9 	17 	13 
A6900,HD,TR	: 	: 	: 	0 	0 	0 	0 	0 	0 	: 	: 
