구,행정동,한식 음식점업,용달 및 개별 화물 자동차 운송업,부동산 중개 및 대리업,의복소매업,생맥주 전문점 및 기타 주점업,두발미용업,슈퍼마켓 및 기타 음·식료품 위주 종합 소매업,김밥 및 기타 간이 음식점 및 간이음식 포장 판매업,커피 전문점 및 기타 비알콜 음료점업,가정용 세탁업,노래연습장 운영업,체인화 편의점,치킨전문점,자동차 전문 수리업,채소 과실 및 뿌리작물 소매업,육류소매업,중식음식점업,당구장 운영업,제과점업,컴퓨터 게임방 운영업
합계,합계,"47,337","38,178","24,013","20,794","15,296","18,080","7,675","10,116","19,118","6,208","6,432","8,421","5,287","3,563","3,252","3,489","4,805","2,482","4,454","1,805"
종로구,소계,"2,335",685,549,690,641,261,334,442,"1,216",113,123,283,141,35,65,62,204,97,172,46
종로구,사직동,330,12,57,37,88,28,26,40,153,11,13,27,14,4,4,2,29,9,19,1
종로구,삼청동,56,6,9,56,3,-,9,18,80,1,-,6,1,-,-,-,4,-,8,-
종로구,부암동,32,13,17,9,7,8,6,9,32,9,-,10,2,7,-,-,3,1,5,1
종로구,평창동,47,20,33,14,26,19,12,12,22,8,2,9,3,4,2,6,4,3,7,2
종로구,무악동,11,411,12,1,-,9,4,4,7,4,1,3,5,2,2,2,1,-,3,1
종로구,교남동,24,11,26,10,2,11,7,6,13,7,1,9,4,1,2,1,4,-,5,1
종로구,가회동,72,9,16,26,10,8,9,17,60,3,4,8,4,1,3,3,2,2,12,-
종로구,종로1.2.3.4가동,891,8,111,243,283,37,107,135,416,17,44,89,36,7,21,6,68,36,47,12
종로구,종로5·6가동,271,14,71,101,44,17,42,56,89,6,13,25,14,2,5,8,11,14,7,1
종로구,이화동,97,18,13,20,29,8,14,24,86,3,3,19,5,2,-,2,14,3,17,2
종로구,창신1동,93,17,27,59,17,10,21,19,21,4,8,6,13,-,3,6,15,7,5,6
종로구,창신2동,61,26,13,11,16,19,15,9,11,6,5,3,2,-,4,5,4,3,3,2
종로구,창신3동,11,26,15,2,1,9,4,3,7,4,-,3,3,1,3,2,2,-,1,-
종로구,숭인1동,16,21,12,5,3,13,7,3,5,5,-,6,3,1,1,-,2,1,1,1
종로구,숭인2동,92,26,38,36,26,17,18,21,27,5,15,21,10,-,4,5,9,8,5,4
종로구,청운효자동,65,20,29,30,13,16,17,23,69,5,1,10,2,1,9,9,6,1,15,1
종로구,혜화동,166,27,50,30,73,32,16,43,118,15,13,29,20,2,2,5,26,9,12,11
중구,소계,"2,342",380,576,"2,660",483,339,461,427,"1,023",92,134,354,138,32,83,75,225,100,173,28
중구,소공동,270,5,22,374,30,18,24,31,161,2,5,44,11,-,1,1,30,7,31,1
중구,회현동,224,13,18,812,24,23,77,51,111,9,8,38,11,2,8,4,28,6,26,1
중구,명동,434,3,80,203,69,54,67,84,267,5,10,68,17,-,3,1,63,12,32,2
중구,필동,159,7,28,5,55,13,17,28,84,5,14,26,8,2,1,2,15,7,6,5
중구,장충동,63,5,11,10,8,6,5,6,25,4,3,14,6,-,1,1,5,3,8,1
중구,광희동,279,21,60,987,53,16,65,51,100,5,12,42,13,5,19,9,21,12,17,1
중구,을지로동,243,7,58,75,87,9,49,28,102,4,10,29,8,1,3,1,22,17,11,-
중구,신당5동,107,37,30,28,39,24,12,12,12,6,12,7,11,3,3,4,4,3,3,6
중구,황학동,146,30,38,36,18,25,28,28,16,5,8,13,7,3,20,20,4,5,2,-
중구,중림동,92,29,26,2,22,22,15,15,36,6,7,11,9,2,5,7,6,5,6,1
중구,신당동,111,20,92,55,23,25,62,46,46,7,18,22,11,4,4,2,17,6,8,1
중구,다산동,87,66,23,19,24,22,15,19,26,10,15,14,7,6,4,5,5,6,6,1
중구,약수동,53,45,35,20,14,34,9,14,10,12,6,12,8,3,3,8,-,2,9,3
중구,청구동,29,54,25,18,10,20,7,5,13,6,3,6,6,-,4,3,2,3,4,2
중구,동화동,45,38,30,16,7,28,9,9,14,6,3,8,5,1,4,7,3,6,4,3
용산구,소계,"1,333",560,791,696,547,366,264,300,735,138,88,246,114,91,63,76,139,41,151,23
용산구,후암동,62,63,44,19,11,22,16,15,40,9,2,14,9,4,7,8,7,2,7,2
용산구,용산2가동,29,32,23,9,33,18,11,10,48,7,1,12,7,1,5,5,2,1,10,1
용산구,남영동,177,9,21,78,47,19,21,37,60,4,12,35,11,6,1,1,20,11,20,7
용산구,원효로2동,51,60,32,12,11,19,15,8,13,6,5,11,5,13,2,4,9,2,2,-
용산구,효창동,16,36,18,4,2,7,10,5,17,5,-,8,1,2,-,-,1,1,2,-
용산구,용문동,50,45,25,16,19,28,8,11,13,6,6,3,13,2,10,12,-,1,3,1
용산구,이촌1동,54,9,58,58,17,29,16,19,19,8,2,11,6,1,8,13,10,1,11,2
용산구,이촌2동,11,48,30,4,1,8,6,4,7,5,-,3,3,8,4,2,1,-,2,-
용산구,이태원1동,98,10,34,207,146,12,12,14,54,6,7,17,8,3,-,1,13,2,9,-
용산구,이태원2동,38,21,35,23,52,14,10,9,52,7,3,13,2,-,4,3,4,-,12,-
용산구,서빙고동,19,24,21,14,1,11,13,7,10,2,-,6,1,4,1,1,3,-,3,-
용산구,보광동,73,46,65,24,20,40,25,16,19,13,5,9,15,6,4,4,4,4,5,2
용산구,청파동,107,71,59,18,40,47,26,59,71,20,9,23,10,11,6,10,10,3,14,5
용산구,원효로1동,124,34,63,14,39,18,11,24,49,13,8,18,6,8,4,2,12,2,10,1
용산구,한강로동,284,17,166,109,45,39,37,38,161,19,17,42,9,13,3,4,26,9,18,-
용산구,한남동,140,35,97,87,63,35,27,24,102,8,11,21,8,9,4,6,17,2,23,2
성동구,소계,"1,557","1,280",801,392,344,489,235,277,602,187,154,255,148,201,61,126,117,78,119,49
성동구,왕십리2동,40,67,40,13,8,25,11,6,14,10,3,11,11,-,6,3,4,2,3,3
성동구,마장동,117,104,36,4,24,26,33,16,18,14,7,14,5,15,3,40,5,9,3,2
성동구,사근동,133,43,35,8,57,24,10,35,69,10,18,28,16,-,1,3,19,10,4,12
성동구,행당1동,119,63,40,76,19,37,14,26,40,11,10,13,14,2,9,11,10,5,16,2
성동구,행당2동,16,60,33,17,2,27,4,9,16,11,2,6,6,1,2,4,1,-,5,-
성동구,응봉동,11,56,13,6,3,12,9,6,9,10,1,2,4,4,-,2,1,-,1,1
성동구,금호1가동,17,47,30,6,7,23,8,8,14,9,2,6,2,3,2,3,3,2,2,2
성동구,금호4가동,52,33,40,21,17,28,5,8,12,8,7,8,8,2,2,2,3,2,5,4
성동구,성수1가1동,66,62,66,17,9,27,10,9,39,10,10,19,6,7,-,2,4,3,7,1
성동구,성수1가2동,163,63,55,30,22,25,13,21,95,9,12,21,8,12,3,5,10,7,12,2
성동구,성수2가1동,150,93,46,48,41,34,17,33,55,17,18,18,7,26,8,4,9,8,10,4
성동구,성수2가3동,225,303,100,23,32,18,18,21,93,8,22,45,9,43,1,4,21,13,9,4
성동구,송정동,35,58,20,10,6,18,9,6,6,8,4,8,3,7,3,3,3,3,3,1
성동구,용답동,114,53,31,26,28,26,29,17,30,6,14,14,6,69,8,7,6,3,3,3
성동구,왕십리도선동,170,71,109,32,42,57,22,31,50,16,15,23,17,7,7,11,8,6,15,5
성동구,금호2.3가동,89,73,49,37,21,55,14,15,21,15,6,10,19,-,5,12,5,4,9,2
성동구,옥수동,40,31,58,18,6,27,9,10,21,15,3,9,7,3,1,10,5,1,12,1
광진구,소계,"1,676","1,204",871,530,714,746,244,367,650,259,380,320,193,105,105,130,206,99,168,83
광진구,화양동,267,39,77,49,226,72,14,48,144,24,86,49,29,3,9,5,24,17,24,12
광진구,군자동,117,61,53,17,53,49,17,33,50,20,21,21,15,10,3,11,14,7,5,6
광진구,중곡1동,109,71,50,26,48,41,21,16,22,11,21,14,13,15,16,13,5,7,6,4
광진구,중곡2동,92,93,64,27,41,61,16,19,32,21,24,19,6,11,7,5,6,4,12,3
광진구,중곡3동,74,78,45,21,50,49,12,22,27,13,17,15,6,9,3,6,6,4,8,7
광진구,중곡4동,84,145,43,48,32,56,20,27,29,16,19,17,7,2,8,14,5,7,11,6
광진구,능동,49,31,24,8,27,15,13,8,24,5,20,16,9,3,-,2,1,5,5,2
광진구,구의1동,160,70,80,30,66,56,13,30,38,23,48,25,15,5,6,4,12,11,17,8
광진구,구의2동,95,146,54,22,25,39,13,23,32,18,11,16,12,5,2,10,7,3,10,4
광진구,구의3동,152,40,71,88,29,57,29,21,55,20,18,24,15,5,1,4,10,7,20,10
광진구,광장동,68,25,68,24,14,34,18,28,43,16,6,17,13,5,3,9,4,3,10,1
광진구,자양1동,140,94,68,57,22,65,14,23,33,15,20,21,15,11,22,20,11,9,8,8
광진구,자양2동,69,115,53,15,31,51,15,16,28,23,19,19,10,11,4,5,4,3,9,3
광진구,자양3동,74,103,66,38,9,43,13,26,42,17,2,22,8,5,4,7,8,3,16,1
광진구,자양4동,126,93,55,60,41,58,16,27,51,17,48,25,20,5,17,15,89,9,7,8
동대문구,소계,"1,922","1,690",842,718,554,611,398,385,575,237,214,323,205,238,597,203,171,93,139,83
동대문구,회기동,119,24,25,39,69,31,14,34,63,7,22,18,10,-,2,1,25,7,12,10
동대문구,휘경1동,72,37,42,14,20,21,19,17,25,14,8,16,12,4,6,7,5,2,8,2
동대문구,휘경2동,39,463,40,5,9,24,15,14,29,14,4,17,12,2,2,5,3,5,4,4
동대문구,청량리동,145,73,47,38,32,44,38,32,27,13,17,10,13,5,19,9,11,8,5,6
동대문구,용신동,328,100,111,80,51,49,60,44,89,23,26,48,18,25,15,14,26,13,12,5
동대문구,제기동,225,97,74,33,69,40,80,28,50,18,7,26,20,26,504,68,21,3,20,5
동대문구,전농1동,179,96,92,233,45,70,31,43,50,20,17,28,18,17,9,22,10,8,19,9
동대문구,전농2동,37,80,20,12,13,33,13,18,21,15,8,11,10,3,3,3,4,3,7,3
동대문구,답십리1동,78,95,67,26,21,30,17,15,26,11,13,19,12,6,1,5,4,3,9,4
동대문구,답십리2동,100,141,58,26,29,43,20,19,21,16,15,18,10,27,10,17,8,6,6,5
동대문구,장안1동,256,189,106,77,70,74,32,43,51,33,30,46,21,94,10,20,18,15,12,8
동대문구,장안2동,218,167,73,112,70,82,36,42,49,30,30,32,22,19,7,20,15,17,14,8
동대문구,이문1동,98,59,54,11,41,45,14,30,62,13,11,25,17,7,6,5,17,2,8,13
동대문구,이문2동,28,69,33,12,15,25,9,6,12,10,6,9,10,3,3,7,4,1,3,1
중랑구,소계,"1,774","2,658",738,587,617,790,333,365,421,252,365,261,202,161,133,170,89,116,119,92
중랑구,면목2동,137,170,46,34,32,61,24,23,26,18,20,19,14,12,11,15,5,7,8,4
중랑구,면목4동,49,125,32,14,24,33,18,9,18,13,9,12,5,6,2,1,3,5,2,2
중랑구,면목5동,41,99,22,8,12,19,8,9,6,6,5,7,6,7,1,1,3,4,-,1
중랑구,면목7동,94,119,51,42,36,50,17,23,19,16,21,14,12,11,22,15,3,8,8,3
중랑구,상봉1동,37,113,31,61,13,40,20,18,29,15,8,15,6,6,2,5,4,5,6,2
중랑구,상봉2동,247,74,74,59,88,40,20,28,44,17,67,27,16,18,4,7,8,17,4,18
중랑구,중화1동,35,111,39,19,9,40,16,9,14,13,5,15,5,1,4,4,-,-,2,-
중랑구,중화2동,172,149,44,47,74,62,31,34,26,12,44,19,18,14,22,18,10,12,9,12
중랑구,묵1동,101,164,56,33,28,61,18,24,38,21,18,18,13,7,5,8,4,3,8,5
중랑구,묵2동,100,475,47,29,40,46,15,19,22,12,26,16,9,16,3,7,7,9,2,5
중랑구,망우3동,54,116,25,8,17,38,16,12,14,10,4,10,7,12,5,6,5,2,5,1
중랑구,신내1동,110,261,43,27,28,48,21,20,37,18,14,14,23,11,1,6,9,6,11,6
중랑구,신내2동,48,94,30,50,10,33,10,16,14,14,1,6,11,2,4,9,3,2,8,1
중랑구,면목본동,176,203,80,52,67,76,42,37,34,29,30,25,20,6,15,24,6,8,22,11
중랑구,면목3.8동,170,153,56,46,71,69,24,42,34,15,49,18,18,12,12,15,9,17,11,10
중랑구,망우본동,203,232,62,58,68,74,33,42,46,23,44,26,19,20,20,29,10,11,13,11
성북구,소계,"1,562","1,597",846,524,552,739,315,411,663,261,173,298,222,128,86,159,137,84,163,71
성북구,돈암1동,11,52,17,8,4,12,4,8,6,7,1,4,2,1,-,6,1,-,3,1
성북구,돈암2동,11,39,29,12,1,14,5,7,7,8,-,4,5,-,1,4,2,-,2,-
성북구,안암동,115,45,35,11,64,39,16,27,99,9,19,38,14,6,-,1,19,7,13,13
성북구,보문동,74,57,40,15,24,32,18,11,19,11,5,13,8,10,4,6,6,1,5,3
성북구,정릉1동,39,56,31,9,8,28,7,15,16,9,4,15,9,8,2,8,3,2,7,1
성북구,정릉2동,51,110,30,11,13,29,13,16,15,10,6,10,13,6,2,5,5,4,6,5
성북구,정릉3동,58,59,16,4,19,24,12,12,19,7,4,17,12,7,1,4,9,7,3,2
성북구,정릉4동,62,86,35,10,18,29,20,15,17,16,6,11,14,1,2,9,2,7,7,4
성북구,길음1동,36,70,53,28,44,37,15,27,24,14,5,7,10,-,12,11,5,3,12,3
성북구,길음2동,53,42,46,87,7,29,11,11,29,10,3,10,7,4,1,6,6,-,11,2
성북구,월곡1동,63,131,41,24,7,42,24,18,19,17,8,11,18,14,8,7,6,3,8,2
성북구,월곡2동,118,81,34,32,25,51,16,35,51,15,23,18,15,13,6,13,7,7,10,6
성북구,장위1동,53,109,38,18,23,34,20,14,14,20,9,12,4,5,2,7,4,3,3,4
성북구,장위2동,73,85,49,22,40,29,21,9,8,8,6,5,9,7,7,10,3,2,1,1
성북구,장위3동,26,77,46,8,7,15,8,4,8,7,-,6,5,5,1,2,4,-,5,1
성북구,성북동,77,32,40,40,13,32,12,12,63,11,2,19,5,9,3,6,6,1,17,2
성북구,삼선동,178,66,55,35,60,47,29,39,58,15,17,21,12,5,10,18,13,12,11,1
성북구,동선동,168,31,70,79,86,82,15,67,115,15,26,30,20,5,3,3,22,9,21,7
성북구,종암동,134,161,62,37,32,64,22,33,45,27,15,25,16,9,12,14,7,7,10,8
성북구,석관동,162,208,79,34,57,70,27,31,31,25,14,22,24,13,9,19,7,9,8,5
강북구,소계,"1,553","1,271",589,442,601,673,254,275,400,212,298,227,176,125,125,138,106,87,103,69
강북구,번1동,135,67,60,30,61,62,23,29,41,18,32,27,10,6,8,8,8,6,5,7
강북구,번2동,26,99,10,2,8,21,10,7,9,8,4,8,2,9,2,2,2,4,4,2
강북구,번3동,34,80,12,4,11,22,11,9,13,10,3,9,8,5,4,5,2,3,4,2
강북구,수유1동,127,93,38,68,25,43,14,29,22,12,12,15,12,10,27,22,8,9,5,8
강북구,수유2동,76,101,41,23,31,57,17,17,16,15,17,14,14,12,5,11,5,6,7,3
강북구,수유3동,289,76,84,64,166,81,29,38,60,21,112,26,24,16,13,15,19,17,15,13
강북구,삼양동,52,131,29,19,14,49,21,13,11,16,9,12,11,2,4,6,4,5,5,7
강북구,미아동,143,87,70,42,58,85,21,29,35,20,24,29,16,8,12,6,9,10,16,8
강북구,송중동,188,92,61,97,85,69,26,30,48,24,35,23,28,14,12,14,13,8,14,7
강북구,송천동,192,97,71,35,59,74,29,26,32,23,17,19,18,25,14,12,15,9,6,2
강북구,삼각산동,45,91,46,13,15,29,9,17,21,12,5,7,10,-,5,9,3,1,6,4
강북구,우이동,160,90,23,24,41,20,20,11,50,11,17,15,12,8,4,12,8,4,9,2
강북구,인수동,86,167,44,21,27,61,24,20,42,22,11,23,11,10,15,16,10,5,7,4
도봉구,소계,"1,156","1,891",515,359,313,600,224,261,312,199,185,196,187,117,99,121,80,85,111,55
도봉구,쌍문1동,36,90,18,4,7,32,21,17,25,14,2,13,12,4,3,8,5,3,8,1
도봉구,쌍문2동,79,105,30,33,22,53,14,25,23,15,16,12,12,6,2,8,4,7,10,6
도봉구,쌍문3동,65,64,38,24,18,35,19,16,19,10,6,12,13,10,10,10,4,2,7,2
도봉구,쌍문4동,10,72,16,13,4,27,7,15,10,11,1,9,7,1,1,6,2,-,2,2
도봉구,방학1동,210,124,76,81,66,80,30,32,42,21,50,23,32,15,12,10,14,20,16,15
도봉구,방학2동,73,111,24,31,9,55,17,19,15,14,10,11,9,8,21,12,7,5,9,2
도봉구,방학3동,41,127,20,13,4,16,11,8,15,12,4,9,11,6,2,3,1,4,5,-
도봉구,창1동,68,524,43,25,16,42,11,22,22,14,11,14,9,8,4,10,4,4,11,2
도봉구,창2동,68,161,44,32,19,62,18,16,17,25,8,19,20,9,8,15,8,6,8,9
도봉구,창3동,64,89,27,21,27,35,9,15,12,11,12,11,12,10,6,9,3,4,6,1
도봉구,창4동,68,78,40,21,24,29,11,21,18,11,14,14,12,4,3,3,5,6,10,4
도봉구,창5동,99,93,50,19,25,46,15,27,40,14,16,16,14,12,9,10,10,10,9,5
도봉구,도봉1동,190,122,47,24,43,47,29,18,29,12,28,19,12,15,11,10,8,11,4,4
도봉구,도봉2동,85,131,42,18,29,41,12,10,25,15,7,14,12,9,7,7,5,3,6,2
노원구,소계,"1,562","2,273",714,927,436,782,284,411,606,255,279,294,283,131,93,145,130,105,182,82
노원구,월계1동,139,116,39,12,36,37,14,41,46,13,34,27,21,10,4,8,12,16,5,12
노원구,월계2동,20,171,16,7,3,25,14,10,17,9,2,14,11,1,2,7,3,-,5,-
노원구,월계3동,32,195,33,23,2,30,14,11,18,13,2,11,9,1,5,7,4,-,8,1
노원구,공릉2동,110,226,63,17,24,60,18,39,76,21,26,31,25,4,4,11,10,10,24,11
노원구,하계1동,73,74,21,94,13,22,12,16,30,12,3,16,11,14,1,6,9,1,5,2
노원구,하계2동,15,74,16,2,2,16,7,6,2,8,-,4,5,-,1,2,-,-,2,2
노원구,중계본동,50,86,35,20,17,37,15,27,36,16,4,10,18,6,4,6,6,3,7,5
노원구,중계1동,34,57,36,24,7,36,14,31,26,16,4,12,7,8,3,9,3,-,11,3
노원구,중계4동,101,99,22,43,33,32,13,22,26,4,24,8,18,4,2,5,6,8,7,5
노원구,상계1동,164,233,60,22,45,70,20,22,49,20,33,23,26,19,4,14,12,10,12,6
노원구,상계2동,224,74,68,285,99,83,19,52,76,22,58,28,31,17,9,16,18,16,27,12
노원구,상계5동,92,104,54,27,27,66,21,24,24,15,16,14,18,12,9,8,5,9,10,7
노원구,상계8동,22,33,16,17,6,16,7,6,9,7,4,5,4,1,3,3,3,-,5,1
노원구,상계9동,23,92,22,19,4,21,6,7,9,7,3,7,7,-,4,4,1,1,3,1
노원구,상계10동,9,74,12,9,1,11,9,5,7,4,3,4,1,-,-,-,2,1,-,1
노원구,상계3.4동,82,152,42,23,34,42,21,15,17,16,17,12,10,5,10,8,3,8,4,2
노원구,상계6.7동,113,81,61,18,18,55,17,26,36,15,20,21,21,2,10,9,10,7,14,4
노원구,중계2.3동,48,146,24,219,12,38,20,25,21,14,2,9,11,1,2,8,11,1,10,-
노원구,공릉1동,211,186,74,46,53,85,23,26,81,23,24,38,29,26,16,14,12,14,23,7
은평구,소계,"1,644","1,948","1,134",690,573,947,298,385,529,274,244,304,241,120,175,177,124,111,178,63
은평구,녹번동,118,315,95,9,27,59,23,16,43,16,17,25,16,17,3,8,9,9,9,7
은평구,불광1동,118,96,100,34,38,67,19,33,37,22,21,21,27,1,12,10,7,6,11,4
은평구,갈현1동,147,80,70,24,67,63,22,20,36,17,38,15,18,3,8,13,18,15,13,7
은평구,갈현2동,130,98,55,57,57,75,22,41,43,14,22,27,16,6,11,17,11,11,9,7
은평구,구산동,38,177,44,14,9,50,18,19,23,19,2,20,13,10,2,4,3,2,10,-
은평구,대조동,196,102,134,235,59,78,26,50,58,16,26,29,22,6,59,16,13,9,19,4
은평구,응암1동,94,105,89,43,38,55,13,19,39,18,13,17,12,3,6,8,7,7,10,3
은평구,응암2동,40,73,59,6,11,30,8,10,16,12,8,7,6,4,2,6,2,4,5,1
은평구,신사1동,66,137,63,25,19,62,19,18,23,19,17,16,11,8,5,12,9,6,7,8
은평구,신사2동,28,112,32,9,8,38,15,15,15,15,1,10,11,5,5,7,2,1,4,-
은평구,증산동,73,85,40,13,20,34,16,12,14,8,6,12,6,5,7,6,5,7,7,2
은평구,수색동,35,37,38,7,21,14,8,4,7,4,3,2,2,1,3,4,4,1,2,-
은평구,진관동,133,93,97,76,11,61,24,43,75,29,4,29,19,4,5,17,10,3,29,3
은평구,불광2동,105,110,53,34,36,64,18,19,13,16,6,16,11,9,22,15,3,5,6,1
은평구,응암3동,175,95,56,65,75,75,20,31,37,21,36,22,28,14,18,20,8,14,12,8
은평구,역촌동,148,233,109,39,77,122,27,35,50,28,24,36,23,24,7,14,13,11,25,8
서대문구,소계,"1,355","1,059",667,397,533,598,241,361,656,183,137,276,184,93,118,109,145,67,148,52
서대문구,천연동,76,37,33,25,30,26,13,28,18,11,6,11,11,3,10,7,3,3,4,1
서대문구,홍제1동,75,82,42,19,17,40,15,20,25,12,13,15,13,5,6,6,4,2,10,1
서대문구,홍제3동,97,74,28,25,29,33,20,22,21,9,11,13,14,5,54,22,6,7,6,1
서대문구,홍제2동,37,32,28,11,9,20,3,10,8,9,7,6,6,-,1,4,4,3,3,5
서대문구,홍은1동,55,86,35,19,18,39,15,14,20,14,3,8,10,4,9,10,3,3,7,3
서대문구,홍은2동,79,121,31,15,26,29,17,26,38,12,4,20,9,13,-,3,8,6,11,7
서대문구,남가좌1동,54,39,29,20,19,14,14,17,11,4,4,8,5,-,15,13,2,3,5,1
서대문구,남가좌2동,94,86,62,24,31,55,19,26,42,14,16,17,23,11,4,13,12,8,11,5
서대문구,북가좌1동,23,66,29,6,4,18,5,7,12,9,-,11,6,6,1,2,-,1,7,-
서대문구,북가좌2동,92,186,73,20,42,81,18,23,27,25,13,28,22,10,3,10,7,9,12,7
서대문구,충현동,183,50,49,9,44,27,19,28,80,13,9,29,5,6,3,1,11,6,8,4
서대문구,북아현동,39,43,81,13,17,18,18,8,16,12,3,7,6,2,3,3,3,2,5,-
서대문구,신촌동,334,30,78,141,200,133,35,98,239,13,41,69,36,1,2,7,61,10,34,15
서대문구,연희동,117,127,69,50,47,65,30,34,99,26,7,34,18,27,7,8,21,4,25,2
마포구,소계,"2,440","1,026","1,149",782,"1,131",896,269,507,"1,570",249,236,449,250,102,114,109,287,89,326,60
마포구,용강동,163,38,76,13,52,30,14,22,52,17,24,22,7,8,4,7,12,8,6,2
마포구,대흥동,106,28,96,16,29,43,12,33,64,6,10,31,12,5,7,6,11,3,13,7
마포구,염리동,54,28,40,14,19,27,12,19,34,8,7,9,8,4,7,4,5,1,13,-
마포구,신수동,61,54,58,4,12,27,16,20,31,14,3,15,10,5,1,5,8,2,10,-
마포구,서교동,619,43,177,396,455,247,35,115,490,21,80,104,52,8,3,8,86,23,90,19
마포구,합정동,138,68,70,32,82,55,12,20,116,14,12,22,10,8,1,2,17,4,18,5
마포구,망원1동,121,87,53,44,42,42,10,32,88,17,19,23,21,8,14,10,12,7,20,3
마포구,망원2동,86,102,42,27,21,56,10,20,48,14,12,15,17,7,10,10,11,5,16,3
마포구,연남동,105,39,48,37,108,51,9,21,178,10,8,24,9,7,-,3,28,1,33,2
마포구,성산1동,75,69,38,10,17,19,10,16,44,15,11,23,7,15,-,3,8,3,11,3
마포구,성산2동,93,153,56,74,19,46,19,29,41,23,2,27,16,10,27,9,10,6,12,-
마포구,상암동,258,96,66,10,53,32,29,47,134,18,7,38,18,1,2,5,27,6,25,4
마포구,도화동,143,47,60,21,67,42,15,27,52,17,22,20,17,2,8,6,17,4,11,2
마포구,서강동,125,47,75,29,78,71,12,33,104,14,2,32,15,8,1,5,15,3,27,5
마포구,공덕동,210,97,114,22,57,70,34,30,59,29,16,24,22,4,17,14,15,13,9,3
마포구,아현동,83,30,80,33,20,38,20,23,35,12,1,20,9,2,12,12,5,-,12,2
양천구,소계,"1,317","1,847",922,698,475,838,264,343,500,256,258,255,220,169,132,160,103,84,175,67
양천구,목1동,181,34,75,271,54,65,11,56,103,10,23,27,11,6,3,6,19,5,28,5
양천구,목2동,66,89,66,18,24,46,13,13,31,16,14,24,11,6,5,7,8,7,8,4
양천구,목3동,68,81,56,40,36,60,11,22,29,17,20,15,14,4,9,13,7,8,6,3
양천구,목4동,91,79,50,20,25,69,17,28,32,16,12,15,22,11,10,15,6,5,16,2
양천구,신월1동,115,159,42,46,56,61,25,20,20,14,20,13,18,23,29,17,8,7,7,11
양천구,신월2동,36,157,42,18,13,26,15,11,10,15,6,6,9,7,10,11,3,5,5,1
양천구,신월3동,51,138,11,14,16,29,29,6,14,8,7,9,5,11,2,11,1,4,3,1
양천구,신월4동,74,144,28,10,39,46,6,11,16,10,13,12,12,13,8,7,5,4,4,-
양천구,신월5동,64,105,24,19,18,30,10,14,19,8,13,18,10,15,3,2,4,3,4,6
양천구,신월6동,29,59,38,9,11,12,3,5,3,5,9,6,2,1,1,4,-,4,2,1
양천구,신월7동,72,174,31,25,20,44,20,10,14,14,18,10,17,9,5,8,5,7,4,3
양천구,신정1동,93,26,66,29,36,42,6,20,28,13,18,8,11,17,9,12,5,2,12,3
양천구,신정2동,53,50,43,26,8,49,8,17,28,13,11,9,16,10,11,16,7,3,9,1
양천구,신정3동,45,242,65,12,20,51,27,18,20,17,11,17,13,4,4,7,3,5,11,5
양천구,신정6동,14,22,47,12,1,16,7,10,13,14,-,9,5,-,5,6,-,-,6,1
양천구,신정7동,41,91,35,19,7,40,12,18,21,13,7,9,15,8,5,3,6,3,12,6
양천구,목5동,54,26,101,33,13,44,16,26,33,26,4,17,12,-,2,7,5,3,11,3
양천구,신정4동,170,171,102,77,78,108,28,38,66,27,52,31,17,24,11,8,11,9,27,11
강서구,소계,"2,227","2,393","1,311",957,872,"1,015",337,495,795,357,358,465,292,219,145,194,190,136,232,109
강서구,염창동,95,108,79,20,30,49,16,25,46,23,14,23,14,18,5,15,7,8,14,7
강서구,등촌1동,116,89,65,49,29,38,9,25,50,19,18,30,18,17,3,3,8,4,12,6
강서구,등촌2동,31,77,30,11,15,23,9,12,24,7,5,8,7,7,2,6,3,3,6,2
강서구,등촌3동,130,101,54,223,28,46,25,35,52,18,18,25,17,13,3,11,18,8,15,6
강서구,화곡본동,92,148,55,25,48,48,21,22,26,17,12,21,15,5,10,14,10,8,8,4
강서구,화곡2동,29,105,27,9,11,33,15,8,10,11,4,10,3,5,3,1,3,4,3,3
강서구,화곡3동,92,92,44,29,37,63,8,16,29,17,19,13,18,1,3,6,4,8,11,7
강서구,화곡4동,104,118,36,49,44,62,23,29,22,17,31,16,21,8,21,18,6,6,4,10
강서구,화곡6동,160,95,53,24,114,40,20,21,30,21,36,26,16,7,5,9,15,10,4,10
강서구,화곡8동,88,114,69,41,28,59,16,32,17,16,7,13,12,1,14,16,8,4,11,4
강서구,가양1동,419,104,230,24,135,86,18,56,173,28,25,72,27,31,3,6,39,15,26,9
강서구,가양2동,29,60,18,9,5,17,5,6,5,11,3,6,5,1,4,3,1,2,6,3
강서구,가양3동,17,84,12,19,2,16,9,4,9,8,-,6,3,2,1,2,4,-,2,-
강서구,발산1동,117,188,109,40,24,56,25,50,64,18,6,29,17,11,24,20,8,6,18,6
강서구,공항동,133,134,57,26,61,45,20,24,36,16,26,34,10,22,5,8,11,8,13,4
강서구,방화1동,141,207,91,53,33,92,22,38,47,25,30,29,31,20,20,22,11,9,18,6
강서구,방화2동,109,130,53,202,57,48,20,27,47,15,25,21,8,18,3,8,7,8,19,4
강서구,방화3동,40,103,27,10,9,30,6,8,16,14,3,13,7,1,-,1,2,1,7,2
강서구,화곡1동,211,219,118,55,139,88,29,39,58,38,60,53,26,23,9,14,20,18,18,12
강서구,우장산동,74,117,84,39,23,76,21,18,34,18,16,17,17,8,7,11,5,6,17,4
구로구,소계,"1,755","1,833",789,647,649,729,404,403,509,257,319,304,229,131,150,156,348,95,130,80
구로구,신도림동,123,93,62,123,21,46,12,30,41,16,12,27,18,7,4,6,14,3,20,2
구로구,구로1동,23,89,27,5,15,19,6,10,11,14,2,10,5,6,1,6,3,2,2,3
구로구,구로3동,295,66,128,38,81,56,27,59,130,21,39,58,23,5,1,4,44,11,16,5
구로구,구로4동,135,94,66,90,104,69,49,36,26,20,39,17,14,4,45,17,68,8,7,8
구로구,구로5동,218,95,84,88,67,41,31,46,53,27,39,28,15,9,3,5,30,12,13,6
구로구,고척1동,117,120,27,88,33,41,26,25,35,10,23,13,20,12,7,7,11,14,6,7
구로구,고척2동,78,139,44,48,28,55,20,24,21,18,12,20,17,14,16,13,7,5,11,4
구로구,개봉2동,56,135,46,18,30,56,19,20,24,20,13,9,9,7,11,9,6,3,6,3
구로구,개봉3동,57,129,36,20,24,47,15,19,21,14,7,8,13,7,4,8,4,4,7,6
구로구,오류1동,78,88,33,26,32,38,16,18,17,18,16,20,14,5,9,17,6,7,6,5
구로구,오류2동,85,247,48,12,11,48,21,26,27,17,7,27,23,8,13,13,8,2,9,2
구로구,수궁동,64,168,32,9,14,30,22,17,20,12,8,16,13,7,2,10,4,5,7,6
구로구,가리봉동,68,38,22,17,61,35,35,13,5,7,45,10,4,6,12,11,66,2,-,11
구로구,구로2동,237,151,86,35,85,79,72,34,48,22,37,22,19,21,14,11,66,10,8,6
구로구,개봉1동,121,181,48,30,43,69,33,26,30,21,20,19,22,13,8,19,11,7,12,6
금천구,소계,"1,342","1,382",671,878,431,488,281,288,416,155,208,243,145,128,94,137,188,78,77,48
금천구,가산동,461,178,271,591,83,51,51,82,234,17,34,89,28,19,6,3,63,15,16,6
금천구,독산1동,182,204,89,54,59,64,42,40,43,28,33,39,20,34,6,49,22,11,19,8
금천구,독산2동,81,96,29,15,30,52,21,17,16,14,13,15,10,7,7,12,6,5,2,7
금천구,독산3동,124,157,65,46,57,74,51,27,23,23,29,18,14,15,20,14,50,10,5,8
금천구,독산4동,78,80,28,15,48,36,21,15,16,9,25,15,11,6,3,4,11,8,2,1
금천구,시흥1동,239,173,86,112,91,87,33,55,44,28,48,36,26,18,37,27,25,17,17,8
금천구,시흥2동,6,130,23,4,4,19,6,10,10,6,1,4,3,3,2,4,-,-,3,-
금천구,시흥3동,66,102,27,6,13,15,13,9,7,3,6,7,6,13,-,6,5,4,5,1
금천구,시흥4동,33,131,24,14,15,38,18,11,5,10,6,10,9,6,3,6,3,3,4,3
금천구,시흥5동,72,131,29,21,31,52,25,22,18,17,13,10,18,7,10,12,3,5,4,6
영등포구,소계,"2,594","2,208",986,963,773,673,469,419,942,251,381,435,200,203,144,139,548,124,166,76
영등포구,여의도동,647,32,122,81,122,47,66,95,287,16,14,77,36,6,6,5,67,15,45,3
영등포구,당산1동,225,58,67,15,87,55,17,26,72,16,42,33,15,13,7,6,18,10,9,4
영등포구,당산2동,146,65,89,21,39,39,17,23,74,25,12,35,12,3,4,8,18,12,12,2
영등포구,양평1동,132,"1,154",46,15,30,24,15,21,43,14,5,23,5,23,2,4,14,4,10,1
영등포구,양평2동,135,86,53,10,27,27,13,16,61,16,12,27,10,22,4,8,16,5,15,1
영등포구,신길1동,71,54,41,30,27,42,27,16,23,20,20,15,9,4,5,6,16,7,5,6
영등포구,신길3동,56,64,37,24,14,36,19,9,14,12,11,9,8,6,10,9,6,4,3,2
영등포구,신길4동,24,41,18,5,7,18,11,11,8,7,2,4,5,3,2,1,6,1,-,-
영등포구,신길5동,27,49,20,3,14,14,17,6,8,8,10,6,4,5,1,1,17,2,-,1
영등포구,신길6동,90,62,74,14,14,39,20,12,31,14,17,12,10,20,4,7,8,3,2,2
영등포구,신길7동,35,28,39,4,13,18,9,9,21,5,6,11,4,3,4,4,5,2,6,1
영등포구,대림1동,67,42,34,35,26,37,23,15,14,10,18,17,7,7,19,12,21,1,4,1
영등포구,대림2동,61,44,45,35,64,62,30,6,15,9,50,17,6,3,12,14,167,6,4,17
영등포구,대림3동,105,149,58,14,70,51,30,22,25,15,65,23,10,22,5,9,79,10,5,11
영등포구,영등포본동,86,84,40,180,28,28,37,22,31,10,18,18,10,3,8,10,24,2,7,5
영등포구,영등포동,402,28,104,401,106,58,71,56,115,22,57,61,25,23,36,21,40,24,20,13
영등포구,도림동,52,103,33,14,22,36,26,8,17,18,13,11,9,16,1,3,9,4,5,3
영등포구,문래동,233,65,66,62,63,42,21,46,83,14,9,36,15,21,14,11,17,12,14,3
동작구,소계,"1,330","1,071",883,347,519,651,222,338,570,250,200,286,211,75,117,120,145,71,160,82
동작구,노량진2동,91,39,39,19,24,26,21,29,32,11,16,15,14,-,4,5,12,3,5,4
동작구,상도1동,114,90,86,20,51,61,17,42,71,22,17,39,26,16,9,9,15,10,25,13
동작구,상도2동,82,68,94,35,27,48,14,25,30,18,14,16,14,6,9,11,6,6,14,4
동작구,상도3동,59,95,42,35,20,52,11,14,20,15,12,12,10,1,8,9,7,4,8,6
동작구,상도4동,55,129,34,15,24,41,15,14,26,13,11,13,8,2,9,11,3,2,3,2
동작구,사당1동,160,75,79,34,78,47,14,19,54,17,34,27,15,5,4,10,9,8,13,4
동작구,사당3동,56,65,45,7,8,32,7,11,22,13,5,14,12,8,6,8,3,-,5,2
동작구,사당4동,25,48,23,18,11,31,10,13,12,14,7,8,8,-,13,8,2,2,7,3
동작구,사당5동,24,53,24,4,4,25,7,4,16,7,2,4,5,4,2,3,2,1,-,1
동작구,대방동,80,87,69,20,36,40,18,25,37,21,12,29,24,13,5,5,10,5,13,5
동작구,신대방1동,58,56,44,29,19,46,21,21,18,18,9,9,9,5,9,10,12,2,8,4
동작구,신대방2동,101,53,54,10,18,37,10,16,38,13,9,20,6,6,1,-,11,6,11,3
동작구,흑석동,137,66,114,34,66,61,25,36,66,21,9,22,14,3,11,9,17,8,19,7
동작구,노량진1동,141,87,71,16,47,52,20,46,91,25,15,37,22,3,6,8,21,7,15,17
동작구,사당2동,147,60,65,51,86,52,12,23,37,22,28,21,24,3,21,14,15,7,14,7
관악구,소계,"1,931","1,964","1,010",714,796,895,322,453,635,363,330,400,269,156,146,185,191,91,141,111
관악구,보라매동,96,73,41,179,25,52,13,34,34,17,15,17,15,2,9,14,8,4,8,3
관악구,청림동,15,53,24,8,9,22,6,8,13,10,2,6,4,1,4,4,2,-,3,2
관악구,행운동,98,37,73,48,29,67,13,27,39,25,13,26,19,4,10,9,5,2,9,5
관악구,낙성대동,148,26,37,4,88,30,15,21,74,8,24,22,12,10,-,4,17,7,7,3
관악구,중앙동,94,46,51,15,32,35,6,10,23,12,8,18,9,9,-,2,6,3,7,3
관악구,인헌동,85,74,46,24,23,40,12,25,28,20,18,21,15,4,14,11,5,4,6,2
관악구,남현동,79,35,26,16,52,29,6,17,27,13,14,14,9,6,3,6,10,3,6,2
관악구,서원동,151,69,34,73,98,32,17,30,41,14,24,22,12,6,-,6,11,6,10,3
관악구,신원동,79,46,35,21,23,36,12,23,14,14,11,9,10,2,19,16,7,2,5,2
관악구,서림동,69,57,34,11,15,27,18,15,25,20,7,19,12,4,2,6,5,3,3,9
관악구,신사동,88,62,75,18,32,68,15,30,24,26,21,24,15,15,12,15,12,5,8,7
관악구,신림동,170,26,101,49,101,58,15,25,49,21,47,35,14,5,4,7,14,7,5,16
관악구,난향동,10,57,15,3,5,14,7,3,5,8,2,4,5,-,6,5,2,1,3,1
관악구,조원동,134,520,61,38,60,47,25,15,41,17,35,19,14,25,8,13,26,5,5,7
관악구,대학동,151,63,45,9,53,46,24,49,70,22,26,33,21,-,1,6,18,12,15,20
관악구,은천동,133,107,66,23,29,50,22,22,27,20,16,20,24,22,5,16,8,6,11,3
관악구,성현동,24,91,38,7,6,35,9,12,13,8,2,9,6,7,3,3,6,2,3,3
관악구,청룡동,132,70,104,76,55,72,19,34,49,32,22,38,19,5,10,11,18,9,10,10
관악구,난곡동,40,162,26,11,16,49,24,15,9,16,8,18,13,8,8,7,2,4,6,7
관악구,삼성동,59,137,36,31,18,30,21,14,6,20,5,8,7,7,21,10,4,2,2,1
관악구,미성동,76,153,42,50,27,56,23,24,24,20,10,18,14,14,7,14,5,4,9,2
서초구,소계,"2,345",569,"1,457","1,034",535,676,245,481,"1,169",293,271,393,199,195,48,119,211,135,252,56
서초구,서초1동,153,11,83,26,19,46,17,38,98,21,13,28,15,19,1,8,14,11,20,5
서초구,서초2동,184,25,151,27,28,45,14,40,101,16,14,30,15,4,-,4,23,9,13,2
서초구,서초3동,410,37,181,37,109,55,25,48,195,30,53,58,18,20,2,7,38,25,30,5
서초구,서초4동,154,5,114,50,57,47,10,37,80,17,12,29,15,1,5,9,12,9,17,2
서초구,잠원동,154,27,101,18,45,32,15,29,47,23,23,22,16,5,3,8,13,6,12,2
서초구,반포본동,24,4,32,66,12,22,11,17,24,6,1,7,7,4,6,7,4,1,4,-
서초구,반포1동,95,19,105,31,31,48,11,17,54,25,10,24,13,7,4,4,4,4,9,5
서초구,반포2동,4,5,31,8,-,16,5,10,7,5,-,6,1,-,4,5,1,-,4,-
서초구,반포3동,40,1,81,97,3,20,7,16,18,5,6,8,13,3,1,2,4,1,7,4
서초구,반포4동,134,13,30,457,22,32,20,50,83,13,6,27,3,4,5,4,16,3,32,4
서초구,방배본동,93,21,49,36,31,48,11,16,42,15,18,15,7,11,1,7,6,2,16,3
서초구,방배1동,101,32,60,25,21,47,11,21,44,13,20,15,11,3,-,13,14,7,9,7
서초구,방배2동,140,43,78,23,36,36,6,19,49,15,16,19,9,10,2,10,13,7,13,2
서초구,방배3동,32,40,43,14,5,26,13,12,26,15,-,14,4,8,1,5,3,2,5,-
서초구,방배4동,97,33,113,24,13,55,12,25,53,17,8,15,8,23,3,5,9,7,19,1
서초구,양재1동,205,109,76,34,50,56,24,32,125,30,27,35,19,26,5,10,21,19,23,6
서초구,양재2동,288,83,97,57,51,38,24,47,100,23,42,29,22,47,3,10,14,22,16,7
서초구,내곡동,37,61,32,4,2,7,9,7,23,4,2,12,3,-,2,1,2,-,3,1
강남구,소계,"3,784",615,"2,337","1,692",846,"1,241",340,667,"1,896",411,307,759,286,182,78,125,368,146,362,114
강남구,신사동,244,18,62,259,69,99,11,43,146,17,16,32,15,3,3,9,33,5,41,5
강남구,논현1동,311,33,149,89,102,110,18,43,122,37,37,68,16,8,12,17,22,13,16,8
강남구,논현2동,344,22,103,69,75,69,18,51,161,30,16,55,18,16,2,6,31,12,29,10
강남구,삼성1동,236,19,88,231,36,30,19,27,118,11,18,42,13,8,2,4,33,8,22,3
강남구,삼성2동,144,28,177,34,41,59,16,36,88,23,10,47,16,10,3,5,13,5,25,3
강남구,대치1동,40,-,88,15,2,30,11,22,26,9,5,15,11,2,1,7,4,2,11,4
강남구,대치4동,237,18,150,57,48,78,15,58,133,26,28,48,19,11,4,5,27,12,20,7
강남구,역삼1동,867,44,469,211,190,171,47,113,418,61,82,147,53,19,4,4,75,35,59,31
강남구,역삼2동,183,24,198,38,15,36,23,30,109,27,10,47,14,9,6,5,21,9,14,5
강남구,도곡1동,75,32,68,27,12,34,8,21,47,14,3,22,9,12,1,2,3,3,9,2
강남구,도곡2동,83,1,71,38,22,24,10,14,49,12,10,19,6,8,2,4,14,5,12,2
강남구,개포1동,5,22,20,3,-,5,4,1,4,4,-,2,-,-,1,1,1,-,-,-
강남구,개포4동,87,57,49,22,12,32,5,14,33,16,14,21,9,27,1,7,7,8,6,4
강남구,일원본동,15,12,40,6,3,25,11,7,12,12,-,12,2,1,2,3,1,-,6,1
강남구,일원1동,74,60,26,13,24,26,10,13,22,9,19,10,9,12,6,5,4,6,3,6
강남구,일원2동,24,12,30,11,3,10,5,6,13,6,-,5,2,-,-,5,4,-,2,1
강남구,수서동,89,43,45,7,10,20,7,14,30,10,3,17,7,1,1,2,7,2,9,1
강남구,세곡동,73,118,62,7,11,25,21,15,39,15,3,18,17,11,2,8,4,1,8,3
강남구,압구정동,223,4,80,295,83,130,20,54,119,18,12,40,14,2,5,5,23,6,26,7
강남구,청담동,186,12,133,133,54,148,17,37,92,24,8,48,13,9,3,7,21,3,25,5
강남구,대치2동,201,15,120,120,24,54,34,39,103,19,6,35,16,10,11,9,18,6,15,5
강남구,개포2동,43,21,109,7,10,26,10,9,12,11,7,9,7,3,6,5,2,5,4,1
송파구,소계,"2,672","2,841","1,677","1,594",732,"1,137",348,634,"1,124",413,530,481,334,234,119,193,218,146,294,111
송파구,풍납1동,56,80,24,12,13,27,9,10,10,10,10,8,7,5,7,9,3,1,5,3
송파구,풍납2동,50,64,47,18,12,28,12,14,26,20,13,12,12,6,2,4,3,2,5,4
송파구,거여1동,46,95,25,7,16,30,8,12,16,9,14,10,8,5,6,7,4,5,4,4
송파구,거여2동,42,89,35,10,12,26,8,9,13,14,10,7,8,3,-,5,1,4,7,4
송파구,마천1동,62,177,51,15,31,33,14,13,14,12,9,12,6,5,4,8,3,4,2,3
송파구,마천2동,79,165,32,52,23,46,17,21,13,13,11,9,10,5,10,14,5,7,8,4
송파구,방이1동,108,45,36,20,18,41,7,12,50,12,15,17,13,12,-,2,6,7,9,2
송파구,방이2동,259,87,90,26,111,46,14,36,56,24,55,29,24,13,9,10,24,18,13,10
송파구,오륜동,14,3,21,64,2,12,10,4,11,5,-,8,3,2,3,3,2,-,5,1
송파구,오금동,120,176,72,26,34,59,25,16,61,25,15,30,19,39,2,14,8,9,14,6
송파구,송파1동,112,457,63,35,50,65,12,23,88,21,31,22,12,10,2,6,14,12,20,5
송파구,송파2동,32,30,45,24,7,36,12,35,18,11,1,10,7,4,4,10,3,-,13,3
송파구,석촌동,181,101,123,37,55,87,23,47,72,32,55,38,29,15,7,11,11,10,17,6
송파구,삼전동,124,109,80,21,34,76,14,32,55,27,23,27,22,24,2,12,8,13,14,7
송파구,가락본동,243,69,80,34,67,54,17,37,73,20,130,32,25,17,8,4,12,18,11,10
송파구,가락1동,61,17,67,7,10,13,17,10,12,5,-,11,3,3,4,4,2,-,5,-
송파구,가락2동,94,98,74,45,22,70,19,20,41,23,29,14,15,17,6,11,9,6,14,8
송파구,문정1동,77,65,71,59,8,48,12,13,34,14,20,12,12,16,-,6,7,4,5,1
송파구,문정2동,272,31,191,365,39,51,15,62,161,21,6,49,21,6,3,4,26,3,24,8
송파구,장지동,64,156,53,6,23,42,11,12,31,14,12,19,16,11,1,11,7,5,10,4
송파구,위례동,41,45,48,15,3,26,7,19,22,4,1,12,10,-,4,5,6,-,11,1
송파구,잠실본동,304,55,101,32,131,96,16,54,82,31,67,41,35,15,15,7,20,16,21,17
송파구,잠실4동,5,18,45,9,1,15,8,10,8,7,-,5,2,-,3,7,1,-,4,-
송파구,잠실6동,146,566,38,213,7,36,14,45,87,10,3,21,7,-,3,2,22,2,19,-
송파구,잠실7동,4,3,15,13,-,9,8,2,5,5,-,4,1,-,2,5,2,-,3,-
송파구,잠실2동,24,13,62,68,1,31,7,21,15,9,-,10,3,-,7,7,-,-,12,-
송파구,잠실3동,52,27,88,361,2,34,12,45,50,15,-,12,4,1,5,5,9,-,19,-
강동구,소계,"1,829","1,933","1,188",876,629,900,289,421,604,291,260,314,218,192,162,161,135,124,213,95
강동구,강일동,33,169,29,2,1,23,10,11,13,13,2,17,8,4,-,4,2,2,9,4
강동구,상일동,69,137,62,4,14,14,12,9,19,11,10,11,6,6,3,4,9,3,5,3
강동구,명일1동,110,82,59,91,38,74,17,44,51,13,23,15,17,8,28,13,9,10,19,5
강동구,명일2동,46,14,37,34,5,29,11,29,26,9,7,11,6,4,1,4,1,5,18,9
강동구,고덕1동,35,67,59,9,12,26,9,12,15,11,4,7,7,5,4,3,3,2,10,1
강동구,고덕2동,40,84,141,5,7,19,12,4,9,6,5,4,8,9,2,5,3,3,3,1
강동구,암사2동,55,75,38,14,10,27,8,7,17,11,6,8,7,4,-,3,5,3,6,4
강동구,암사3동,18,50,24,12,4,24,9,7,11,6,-,4,2,5,2,7,-,-,5,-
강동구,천호1동,87,155,51,39,30,68,21,21,25,24,7,22,15,10,7,8,6,5,7,5
강동구,천호3동,117,108,78,93,59,59,26,30,37,22,13,20,21,7,7,10,7,8,11,12
강동구,성내1동,125,71,48,16,34,31,14,26,62,16,13,18,9,18,3,4,11,10,10,1
강동구,성내2동,130,92,87,21,51,75,17,28,43,20,24,23,21,14,16,12,10,11,23,7
강동구,성내3동,201,83,104,49,63,83,12,42,61,20,30,21,20,18,22,17,15,18,23,12
강동구,둔촌1동,-,-,-,-,-,-,2,-,-,-,-,2,-,-,-,-,-,-,-,-
강동구,둔촌2동,100,118,61,20,26,62,12,21,37,19,15,17,10,14,3,11,7,6,7,6
강동구,암사1동,131,197,67,35,49,82,25,31,30,25,26,24,22,14,18,17,9,9,17,8
강동구,천호2동,261,177,97,377,97,83,42,43,74,30,33,39,15,22,14,16,19,11,20,6
강동구,길동,271,254,146,55,129,121,30,56,74,35,42,51,24,30,32,23,19,18,20,11
