구,행정동,총사업체수,총종사자수,총여성종사자,자영업주_및_무급가족_소계,자영업주_및_무급가족_여성종사자,상용근로자_소계,상용근로자_여성종사자,임시_및_일용근로자_소계,임시_및_일용근로자_여성종사자,기타종사자_소계,기타종사자_여성종사자
합계,합계,"823,624","5,226,997","2,341,383","736,898","310,687","3,614,190","1,601,768","684,560","315,797","191,349","113,131"
종로구,소계,"39,679","260,446","114,054","37,246","15,516","191,346","80,927","24,307","13,147","7,547","4,464"
종로구,사직동,"3,574","47,522","22,368","2,135","1,076","42,049","19,436","2,966","1,715",372,141
종로구,삼청동,732,"4,601","2,330",557,301,"3,474","1,673",450,305,120,51
종로구,부암동,599,"3,454","1,690",520,254,"2,570","1,229",223,128,141,79
종로구,평창동,761,"3,447","1,929",647,321,"2,199","1,261",469,289,132,58
종로구,무악동,647,"1,644",772,626,103,830,545,118,82,70,42
종로구,교남동,413,"4,581","3,100",351,176,"3,083","2,092","1,028",759,119,73
종로구,가회동,765,"12,817","3,271",652,356,"11,533","2,506",303,206,329,203
종로구,종로1.2.3.4가동,"15,472","108,747","43,034","14,292","5,690","81,026","30,972","10,526","4,741","2,903","1,631"
종로구,종로5·6가동,"7,238","24,537","9,712","7,597","3,040","14,064","5,233","1,969","1,125",907,314
종로구,이화동,"1,191","17,244","9,536",976,422,"14,075","7,749","1,861","1,188",332,177
종로구,창신1동,"2,179","5,907","2,929","2,518","1,004","2,197","1,166",693,375,499,384
종로구,창신2동,864,"2,216","1,165","1,129",502,632,356,421,280,34,27
종로구,창신3동,281,895,453,303,117,435,225,77,46,80,65
종로구,숭인1동,493,"1,545",858,524,204,632,377,160,99,229,178
종로구,숭인2동,"1,747","6,886","3,796","1,886",737,"2,994","1,658","1,062",584,944,817
종로구,청운효자동,"1,028","5,656","2,706",912,490,"4,091","1,783",614,413,39,20
종로구,혜화동,"1,695","8,747","4,405","1,621",723,"5,462","2,666","1,367",812,297,204
중구,소계,"60,127","392,568","179,084","61,788","29,336","285,590","122,021","35,117","20,739","10,073","6,988"
중구,소공동,"3,849","64,144","27,464","2,242","1,033","55,740","22,407","3,206","1,917","2,956","2,107"
중구,회현동,"8,566","45,216","21,794","9,220","5,443","32,404","13,937","2,586","1,569","1,006",845
중구,명동,"6,965","110,390","50,752","4,233","1,820","98,642","43,820","5,542","3,688","1,973","1,424"
중구,필동,"2,886","22,404","9,793","2,477",934,"15,724","6,097","3,722","2,407",481,355
중구,장충동,819,"9,181","3,927",624,283,"7,330","3,123","1,190",490,37,31
중구,광희동,"8,472","36,451","16,303","9,379","4,152","21,317","8,692","4,897","2,961",858,498
중구,을지로동,"8,812","35,333","12,521","9,906","3,260","21,656","7,649","3,021","1,173",750,439
중구,신당5동,"1,193","4,057","2,083","1,447",690,"1,640",869,691,375,279,149
중구,황학동,"1,947","5,643","2,433","2,354",975,"2,702","1,125",455,253,132,80
중구,중림동,"1,016","7,530","3,952",927,399,"5,249","2,623",731,516,623,414
중구,신당동,"11,459","29,891","16,972","14,910","8,589","9,734","5,069","5,001","3,186",246,128
중구,다산동,"1,424","9,742","4,728","1,309",548,"6,355","3,171","1,717",758,361,251
중구,약수동,833,"4,122","2,369",801,376,"2,321","1,287",953,664,47,42
중구,청구동,881,"4,419","1,821",857,368,"2,648",984,698,320,216,149
중구,동화동,"1,005","4,045","2,172","1,102",466,"2,128","1,168",707,462,108,76
용산구,소계,"20,254","135,240","60,670","17,049","7,425","101,071","43,656","15,371","8,486","1,749","1,103"
용산구,후암동,928,"3,658","1,802",925,415,"2,276","1,110",443,268,14,9
용산구,용산2가동,601,"2,070","1,126",615,252,"1,076",633,342,221,37,20
용산구,남영동,"1,619","20,322","8,955","1,355",646,"16,552","7,085","1,987",963,428,261
용산구,원효로2동,958,"6,846","2,528",734,280,"5,608","1,978",455,235,49,35
용산구,효창동,418,"2,182",971,319,126,"1,459",713,384,126,20,6
용산구,용문동,630,"1,789",972,709,333,759,397,284,214,37,28
용산구,이촌1동,812,"3,613","2,016",740,413,"2,432","1,346",416,251,25,6
용산구,이촌2동,347,832,338,348,130,404,162,62,28,18,18
용산구,이태원1동,"1,538","7,006","3,351","1,423",663,"4,441","2,060","1,082",605,60,23
용산구,이태원2동,720,"2,208","1,033",664,278,"1,263",620,269,128,12,7
용산구,서빙고동,414,"4,683","2,032",308,128,"4,048","1,743",322,161,5,-
용산구,보광동,840,"2,076","1,024",917,416,825,414,283,166,51,28
용산구,청파동,"1,685","8,542","4,490","1,771",792,"4,672","2,253","1,889","1,281",210,164
용산구,원효로1동,"1,758","10,067","4,077","1,345",543,"7,811","3,084",884,440,27,10
용산구,한강로동,"4,899","41,427","17,051","3,363","1,299","33,804","13,342","3,787","2,074",473,336
용산구,한남동,"2,087","17,919","8,904","1,513",711,"13,641","6,716","2,482","1,325",283,152
성동구,소계,"28,343","178,243","75,474","23,560","9,242","129,914","53,853","19,042","9,549","5,727","2,830"
성동구,왕십리2동,824,"2,757","1,474",892,377,"1,108",659,527,295,230,143
성동구,마장동,"3,207","12,056","4,135","2,917",958,"7,770","2,521","1,159",622,210,34
성동구,사근동,"1,072","10,842","5,745","1,047",446,"7,709","4,323","2,043",951,43,25
성동구,행당1동,"1,388","8,651","4,428","1,266",571,"5,783","2,939","1,193",678,409,240
성동구,행당2동,627,"2,050","1,233",654,335,"1,044",674,291,179,61,45
성동구,응봉동,369,"1,028",533,389,154,510,323,114,55,15,1
성동구,금호1가동,567,"2,100","1,174",576,245,"1,110",715,363,188,51,26
성동구,금호4가동,657,"2,026","1,131",684,342,"1,035",608,255,150,52,31
성동구,성수1가1동,"1,792","10,716","4,442","1,303",446,"8,118","3,470","1,040",487,255,39
성동구,성수1가2동,"2,877","21,512","8,755","1,828",700,"18,287","7,393","1,223",595,174,67
성동구,성수2가1동,"2,526","18,394","6,766","2,052",747,"14,569","5,192","1,099",513,674,314
성동구,성수2가3동,"5,805","53,249","20,507","3,624","1,146","43,026","16,376","4,916","2,376","1,683",609
성동구,송정동,711,"2,709","1,092",684,217,"1,789",781,202,84,34,10
성동구,용답동,"1,864","13,279","4,693","1,614",606,"9,415","3,103","1,665",683,585,301
성동구,왕십리도선동,"2,176","10,015","5,598","2,150","1,017","5,391","2,868","1,326",843,"1,148",870
성동구,금호2.3가동,"1,013","2,670","1,528","1,116",545,"1,088",680,428,275,38,28
성동구,옥수동,868,"4,189","2,240",764,390,"2,162","1,228","1,198",575,65,47
광진구,소계,"24,445","126,305","58,406","24,191","10,421","69,770","32,974","25,960","11,241","6,384","3,770"
광진구,화양동,"2,447","15,023","7,337","2,623","1,103","8,360","4,085","3,673","1,922",367,227
광진구,군자동,"1,593","10,021","4,797","1,615",688,"5,628","2,451","2,399","1,447",379,211
광진구,중곡1동,"1,588","6,288","3,124","1,620",676,"3,645","1,908",790,382,233,158
광진구,중곡2동,"1,674","6,959","3,328","1,642",726,"3,564","1,691","1,039",434,714,477
광진구,중곡3동,"1,301","4,543","2,345","1,434",612,"2,380","1,310",640,356,89,67
광진구,중곡4동,"1,524","4,751","2,226","1,711",699,"2,269","1,149",688,349,83,29
광진구,능동,802,"5,723","3,005",674,299,"2,995","1,484","1,019",538,"1,035",684
광진구,구의1동,"1,760","6,989","3,220","1,765",795,"3,822","1,741","1,296",615,106,69
광진구,구의2동,"1,309","5,912","2,685","1,289",535,"2,785","1,369","1,494",581,344,200
광진구,구의3동,"2,695","16,544","7,014","2,310",955,"10,336","4,376","2,888","1,198","1,010",485
광진구,광장동,"1,398","16,114","5,853","1,102",527,"7,588","3,390","5,987","1,206","1,437",730
광진구,자양1동,"1,780","8,987","4,432","1,818",847,"5,713","2,681","1,229",743,227,161
광진구,자양2동,"1,433","6,095","2,709","1,438",566,"3,695","1,703",863,380,99,60
광진구,자양3동,"1,324","6,185","3,405","1,195",548,"3,899","2,149",985,621,106,87
광진구,자양4동,"1,817","6,171","2,926","1,955",845,"3,091","1,487",970,469,155,125
동대문구,소계,"31,324","138,400","65,333","33,024","13,497","81,131","37,881","16,237","8,761","8,008","5,194"
동대문구,회기동,"1,034","10,615","5,508","1,144",529,"7,261","3,866","2,138","1,067",72,46
동대문구,휘경1동,929,"3,558","1,930",998,444,"1,719",919,558,309,283,258
동대문구,휘경2동,"1,221","4,930","2,585","1,260",356,"2,964","1,770",530,339,176,120
동대문구,청량리동,"1,614","8,267","3,904","1,768",757,"5,332","2,572",739,392,428,183
동대문구,용신동,"5,195","28,569","13,599","5,106","1,994","18,227","8,504","2,806","1,513","2,430","1,588"
동대문구,제기동,"4,632","13,499","5,787","5,746","2,587","6,395","2,417",941,495,417,288
동대문구,전농1동,"2,262","7,802","3,713","2,334","1,055","3,851","1,706","1,109",645,508,307
동대문구,전농2동,920,"4,853","2,365",896,388,"3,474","1,723",407,225,76,29
동대문구,답십리1동,"1,971","8,041","3,906","1,974",706,"4,293","2,124","1,183",700,591,376
동대문구,답십리2동,"2,187","7,544","3,274","2,147",765,"4,132","1,778",818,374,447,357
동대문구,장안1동,"4,409","20,501","9,102","4,270","1,608","12,505","5,567","2,433","1,119","1,293",808
동대문구,장안2동,"3,071","11,503","6,169","3,351","1,450","5,687","3,064","1,652","1,049",813,606
동대문구,이문1동,"1,191","6,425","2,506","1,297",550,"4,118","1,362",675,386,335,208
동대문구,이문2동,688,"2,293",985,733,308,"1,173",509,248,148,139,20
중랑구,소계,"28,228","103,345","50,160","30,874","12,203","51,095","25,614","17,381","9,747","3,995","2,596"
중랑구,면목2동,"2,062","6,306","3,132","2,435","1,002","2,419","1,273","1,360",805,92,52
중랑구,면목4동,"1,172","3,839","1,681","1,283",519,"1,750",703,635,348,171,111
중랑구,면목5동,830,"3,050","1,194",967,356,"1,320",485,726,339,37,14
중랑구,면목7동,"1,477","4,335","2,301","1,784",785,"1,575",907,879,555,97,54
중랑구,상봉1동,"1,171","6,638","3,139","1,106",418,"3,862","1,729",888,572,782,420
중랑구,상봉2동,"2,159","9,306","4,494","2,290","1,015","5,073","2,245","1,329",825,614,409
중랑구,중화1동,"1,089","3,590","1,951","1,102",420,"1,912","1,170",501,310,75,51
중랑구,중화2동,"2,111","6,771","2,961","2,355",995,"3,103","1,317",994,465,319,184
중랑구,묵1동,"1,555","5,736","3,047","1,583",662,"3,170","1,864",792,378,191,143
중랑구,묵2동,"1,811","4,688","2,231","1,943",676,"1,851","1,013",666,364,228,178
중랑구,망우3동,"1,132","3,746","1,900","1,309",516,"1,578",850,809,493,50,41
중랑구,신내1동,"2,017","11,518","4,889","1,984",689,"7,436","3,343","1,947",761,151,96
중랑구,신내2동,"1,120","6,468","3,483","1,101",474,"3,969","2,185","1,125",656,273,168
중랑구,면목본동,"2,572","7,681","4,206","3,144","1,384","2,388","1,473","2,016","1,226",133,123
중랑구,면목3.8동,"2,123","7,671","3,819","2,430","1,029","3,706","1,860","1,237",778,298,152
중랑구,망우본동,"3,827","12,002","5,732","4,058","1,263","5,983","3,197","1,477",872,484,400
성북구,소계,"23,617","111,005","56,030","24,511","10,487","64,935","32,999","18,284","10,443","3,275","2,101"
성북구,돈암1동,386,"2,116","1,097",366,149,"1,204",758,448,170,98,20
성북구,돈암2동,421,"2,477","1,646",398,194,"1,890","1,320",187,130,2,2
성북구,안암동,"1,431","13,406","6,696","1,308",512,"8,355","4,416","3,619","1,683",124,85
성북구,보문동,"1,294","5,461","2,665","1,408",541,"3,081","1,495",700,464,272,165
성북구,정릉1동,757,"1,976","1,020",804,345,747,470,383,180,42,25
성북구,정릉2동,904,"2,961","1,377",969,368,"1,474",747,377,230,141,32
성북구,정릉3동,717,"4,764","1,925",718,286,"3,666","1,416",340,188,40,35
성북구,정릉4동,929,"4,131","1,746",989,401,"2,376",886,657,421,109,38
성북구,길음1동,"1,008","3,921","2,456","1,054",510,"2,018","1,363",655,440,194,143
성북구,길음2동,995,"4,816","2,803",907,451,"2,964","1,683",794,537,151,132
성북구,월곡1동,"1,361","5,403","2,744","1,403",545,"3,111","1,628",785,515,104,56
성북구,월곡2동,"1,558","8,951","4,538","1,638",714,"5,847","2,856","1,372",929,94,39
성북구,장위1동,911,"2,263","1,207",986,386,695,416,429,266,153,139
성북구,장위2동,"1,106","3,218","1,716","1,307",550,"1,204",670,625,429,82,67
성북구,장위3동,597,"2,331","1,084",640,230,"1,001",520,469,314,221,20
성북구,성북동,"1,174","5,315","2,720",997,490,"3,374","1,704",772,425,172,101
성북구,삼선동,"1,834","8,921","4,527","1,808",811,"5,594","2,826","1,179",652,340,238
성북구,동선동,"2,037","9,961","5,632","2,059",964,"5,937","3,399","1,561",952,404,317
성북구,종암동,"2,034","8,629","4,076","2,282","1,020","4,746","2,153","1,469",819,132,84
성북구,석관동,"2,163","9,984","4,355","2,470","1,020","5,651","2,273","1,463",699,400,363
강북구,소계,"19,014","73,904","39,770","20,348","8,683","37,551","20,517","11,157","6,887","4,848","3,683"
강북구,번1동,"1,895","9,633","5,619","1,838",789,"4,430","2,396","1,479",930,"1,886","1,504"
강북구,번2동,640,"3,657","1,511",627,202,"2,588","1,084",400,193,42,32
강북구,번3동,869,"3,147","1,440",847,255,"1,857",979,299,189,144,17
강북구,수유1동,"1,473","5,349","2,905","1,638",763,"2,865","1,587",674,439,172,116
강북구,수유2동,"1,280","3,797","2,053","1,376",579,"1,754","1,084",617,347,50,43
강북구,수유3동,"2,542","9,146","4,940","2,812","1,290","3,902","2,094","1,641","1,004",791,552
강북구,삼양동,"1,059","3,509","2,076","1,146",464,"1,522",973,758,584,83,55
강북구,미아동,"1,740","6,824","3,748","1,866",812,"3,313","1,884","1,190",695,455,357
강북구,송중동,"2,117","8,611","5,141","2,204",975,"4,006","2,464","1,750","1,102",651,600
강북구,송천동,"2,041","7,973","4,357","2,347","1,029","4,134","2,366","1,047",630,445,332
강북구,삼각산동,782,"2,247","1,385",810,368,"1,104",783,302,213,31,21
강북구,우이동,"1,016","4,252","1,649","1,192",512,"2,583",892,418,217,59,28
강북구,인수동,"1,560","5,759","2,946","1,645",645,"3,493","1,931",582,344,39,26
도봉구,소계,"18,628","72,939","35,341","19,781","7,765","39,589","19,480","11,098","6,100","2,471","1,996"
도봉구,쌍문1동,913,"3,831","1,896",954,348,"2,407","1,257",442,269,28,22
도봉구,쌍문2동,"1,280","5,572","2,842","1,371",611,"2,928","1,389",969,601,304,241
도봉구,쌍문3동,966,"4,182","2,246","1,116",497,"2,310","1,307",673,411,83,31
도봉구,쌍문4동,611,"2,093","1,155",649,280,"1,117",685,266,166,61,24
도봉구,방학1동,"2,350","13,653","6,344","2,571","1,166","7,760","3,367","2,918","1,458",404,353
도봉구,방학2동,"1,219","2,909","1,478","1,493",619,"1,002",594,362,219,52,46
도봉구,방학3동,898,"3,169","1,720",903,306,"1,662",971,544,395,60,48
도봉구,창1동,"1,538","3,958","1,882","1,594",499,"1,796","1,044",461,236,107,103
도봉구,창2동,"1,410","4,428","2,032","1,568",642,"2,248","1,061",539,293,73,36
도봉구,창3동,915,"2,170","1,158","1,045",429,775,513,285,151,65,65
도봉구,창4동,"1,319","7,530","3,542","1,213",483,"4,308","2,026","1,536",594,473,439
도봉구,창5동,"2,157","7,359","3,717","2,137",620,"3,798","2,077","1,042",699,382,321
도봉구,도봉1동,"1,626","5,766","2,393","1,766",733,"3,262","1,225",600,332,138,103
도봉구,도봉2동,"1,426","6,319","2,936","1,401",532,"4,216","1,964",461,276,241,164
노원구,소계,"26,618","116,684","61,691","26,488","10,753","65,779","35,386","16,701","10,180","7,716","5,372"
노원구,월계1동,"1,466","6,721","2,723","1,574",651,"3,664","1,311","1,173",622,310,139
노원구,월계2동,930,"3,255","1,571",915,277,"1,946","1,063",172,107,222,124
노원구,월계3동,996,"4,143","1,951",995,358,"2,613","1,253",389,247,146,93
노원구,공릉2동,"1,955","11,629","5,780","1,933",749,"8,054","4,156","1,423",797,219,78
노원구,하계1동,"1,088","7,931","4,090",984,415,"5,666","2,807",983,607,298,261
노원구,하계2동,414,"1,220",744,448,159,660,506,96,67,16,12
노원구,중계본동,"1,205","5,602","2,982","1,197",531,"2,502","1,360","1,443",859,460,232
노원구,중계1동,"1,050","4,205","2,324","1,022",489,"1,950","1,111",740,469,493,255
노원구,중계4동,"1,059","3,923","2,274","1,140",520,"1,927","1,140",674,472,182,142
노원구,상계1동,"3,183","9,518","4,361","3,144",809,"4,653","2,508",988,608,733,436
노원구,상계2동,"2,668","10,536","6,216","2,579","1,269","5,146","3,210","2,010","1,223",801,514
노원구,상계5동,"1,567","4,936","2,620","1,649",724,"2,419","1,389",727,449,141,58
노원구,상계8동,484,"1,697","1,115",527,256,"1,015",764,136,76,19,19
노원구,상계9동,698,"2,520","1,460",719,294,"1,331",835,304,208,166,123
노원구,상계10동,515,"2,188",928,482,155,"1,482",605,157,105,67,63
노원구,상계3.4동,"1,196","3,787","1,571","1,197",497,"2,173",832,367,207,50,35
노원구,상계6.7동,"1,921","15,772","9,962","1,789",789,"9,425","5,800","2,105","1,280","2,453","2,093"
노원구,중계2.3동,"1,382","5,153","3,072","1,397",648,"2,459","1,474","1,158",855,139,95
노원구,공릉1동,"2,841","11,948","5,947","2,797","1,163","6,694","3,262","1,656",922,801,600
은평구,소계,"24,681","93,631","49,801","25,077","10,645","51,423","29,060","13,261","7,245","3,870","2,851"
은평구,녹번동,"1,962","9,531","4,878","1,757",678,"6,224","3,389","1,353",644,197,167
은평구,불광1동,"1,627","7,034","4,442","1,725",806,"3,428","2,135",845,534,"1,036",967
은평구,갈현1동,"1,498","4,881","2,683","1,640",707,"2,165","1,324",729,376,347,276
은평구,갈현2동,"1,579","5,985","3,513","1,774",793,"3,107","1,972",941,635,163,113
은평구,구산동,"1,216","5,509","2,965","1,170",414,"3,625","2,224",503,254,211,73
은평구,대조동,"2,430","7,864","4,507","2,612","1,325","3,484","2,070","1,376",798,392,314
은평구,응암1동,"1,661","7,831","4,083","1,585",701,"4,368","2,501","1,501",671,377,210
은평구,응암2동,707,"2,102","1,216",739,341,"1,084",712,241,141,38,22
은평구,신사1동,"1,347","4,066","1,973","1,349",539,"1,812",979,844,420,61,35
은평구,신사2동,"1,704","3,716","1,371","1,680",294,"1,567",773,301,161,168,143
은평구,증산동,945,"3,619","1,450",912,392,"2,107",801,436,181,164,76
은평구,수색동,514,"2,264",781,500,201,"1,595",490,139,76,30,14
은평구,진관동,"1,894","12,366","7,074","1,706",822,"8,903","5,027","1,516","1,048",241,177
은평구,불광2동,"1,295","3,943","2,083","1,387",630,"1,962","1,120",477,246,117,87
은평구,응암3동,"1,768","5,142","2,734","1,998",921,"2,104","1,316",985,463,55,34
은평구,역촌동,"2,534","7,778","4,048","2,543","1,081","3,888","2,227","1,074",597,273,143
서대문구,소계,"20,095","113,819","57,853","19,627","8,406","74,609","38,681","15,018","8,138","4,565","2,628"
서대문구,천연동,915,"3,069","1,581",951,455,"1,636",860,337,199,145,67
서대문구,홍제1동,"1,154","4,827","2,313","1,156",518,"1,924","1,130","1,394",403,353,262
서대문구,홍제3동,"1,157","3,687","2,144","1,272",585,"1,885","1,255",393,219,137,85
서대문구,홍제2동,594,"1,699",873,600,295,848,407,215,143,36,28
서대문구,홍은1동,999,"2,658","1,441","1,041",466,"1,256",739,315,202,46,34
서대문구,홍은2동,"1,219","5,414","2,571","1,241",469,"3,296","1,582",687,380,190,140
서대문구,남가좌1동,691,"2,204","1,412",753,383,"1,078",776,340,220,33,33
서대문구,남가좌2동,"1,310","5,271","2,712","1,392",621,"2,265","1,235","1,582",831,32,25
서대문구,북가좌1동,681,"3,173","1,207",651,242,"1,804",752,360,187,358,26
서대문구,북가좌2동,"2,443","6,752","2,957","2,558",779,"2,475","1,132","1,335",743,384,303
서대문구,충현동,"1,817","24,246","10,266","1,354",575,"19,830","8,250","1,410",564,"1,652",877
서대문구,북아현동,862,"2,420","1,301",930,425,"1,117",636,277,173,96,67
서대문구,신촌동,"3,901","37,647","21,871","3,497","1,614","28,416","16,616","5,030","3,200",704,441
서대문구,연희동,"2,352","10,752","5,204","2,231",979,"6,779","3,311","1,343",674,399,240
마포구,소계,"37,290","247,276","114,718","30,312","13,247","172,672","78,184","34,125","16,811","10,167","6,476"
마포구,용강동,"2,566","18,813","8,595","1,694",759,"12,421","5,645","4,393","2,074",305,117
마포구,대흥동,"1,571","10,097","5,134","1,417",628,"6,235","2,780","1,496",991,949,735
마포구,염리동,726,"4,383","2,095",668,331,"3,306","1,512",354,233,55,19
마포구,신수동,"1,209","5,549","2,676","1,045",413,"3,889","1,974",487,207,128,82
마포구,서교동,"9,552","57,173","29,389","7,173","3,062","38,532","19,389","7,842","4,337","3,626","2,601"
마포구,합정동,"2,397","11,154","5,431","1,849",781,"6,733","3,287","2,117","1,048",455,315
마포구,망원1동,"1,899","5,293","2,453","1,930",718,"2,257","1,167",855,434,251,134
마포구,망원2동,"1,348","4,505","2,093","1,399",658,"2,146","1,012",645,331,315,92
마포구,연남동,"1,915","6,911","3,172","1,744",771,"4,049","1,897","1,041",463,77,41
마포구,성산1동,"1,534","11,155","3,328","1,137",430,"6,715","2,177","2,532",478,771,243
마포구,성산2동,"1,757","11,682","5,939","1,621",709,"8,119","4,260","1,762",837,180,133
마포구,상암동,"2,531","41,880","17,407","1,787",820,"37,317","14,992","2,400","1,331",376,264
마포구,도화동,"2,082","16,774","7,727","1,450",666,"12,844","5,346","1,608","1,065",872,650
마포구,서강동,"1,828","12,774","5,916","1,619",705,"8,387","3,843","2,314","1,102",454,266
마포구,공덕동,"2,756","18,197","8,298","2,539","1,188","10,846","5,001","3,684","1,486","1,128",623
마포구,아현동,"1,619","10,936","5,065","1,240",608,"8,876","3,902",595,394,225,161
양천구,소계,"25,894","121,582","58,483","25,290","10,912","69,439","33,724","18,373","8,975","8,480","4,872"
양천구,목1동,"2,872","21,666","10,906","2,216","1,150","15,123","6,875","2,990","1,872","1,337","1,009"
양천구,목2동,"1,196","4,523","2,154","1,205",551,"2,394","1,209",824,337,100,57
양천구,목3동,"1,282","4,740","2,542","1,383",665,"2,487","1,428",757,351,113,98
양천구,목4동,"1,347","3,945","2,126","1,434",701,"1,523",786,661,403,327,236
양천구,신월1동,"1,765","5,183","2,355","1,962",826,"2,350","1,117",696,279,175,133
양천구,신월2동,"1,175","3,943","1,839","1,165",424,"1,975",987,542,206,261,222
양천구,신월3동,958,"4,019","1,663",920,344,"2,594","1,123",349,149,156,47
양천구,신월4동,"1,166","4,255","1,814","1,197",459,"2,188",964,554,220,316,171
양천구,신월5동,994,"4,849","1,968","1,031",431,"2,886","1,114",827,370,105,53
양천구,신월6동,"1,336","3,129",911,"1,335",204,"1,016",499,309,168,469,40
양천구,신월7동,"1,324","5,406","1,913","1,377",540,"3,525","1,129",408,176,96,68
양천구,신정1동,"1,175","5,322","2,855","1,244",655,"3,091","1,610",711,349,276,241
양천구,신정2동,"1,091","3,806","2,103","1,143",551,"1,940","1,186",510,274,213,92
양천구,신정3동,"1,814","9,284","3,976","1,608",593,"5,535","2,489","1,485",706,656,188
양천구,신정6동,714,"6,916","3,727",649,332,"4,561","2,393",783,450,923,552
양천구,신정7동,"1,030","4,457","2,109","1,011",449,"2,640","1,113",475,325,331,222
양천구,목5동,"1,565","10,700","6,438","1,409",756,"6,847","4,186","1,977","1,270",467,226
양천구,신정4동,"3,090","15,439","7,084","3,001","1,281","6,764","3,516","3,515","1,070","2,159","1,217"
강서구,소계,"39,458","257,494","115,285","34,516","14,361","179,972","79,041","32,103","15,556","10,903","6,327"
강서구,염창동,"2,170","17,152","6,906","1,681",777,"12,179","4,858","2,662",950,630,321
강서구,등촌1동,"1,812","15,763","6,607","1,436",618,"11,219","4,609","2,517","1,057",591,323
강서구,등촌2동,737,"3,541","1,771",676,267,"2,440","1,238",341,197,84,69
강서구,등촌3동,"2,533","19,252","10,413","2,008",925,"13,171","6,736","3,206","2,125",867,627
강서구,화곡본동,"1,389","4,179","2,416","1,490",636,"2,061","1,338",419,265,209,177
강서구,화곡2동,855,"2,732","1,327",788,307,"1,548",833,374,172,22,15
강서구,화곡3동,"1,222","4,170","2,380","1,290",591,"1,708","1,100",855,469,317,220
강서구,화곡4동,"1,469","3,988","2,033","1,570",681,"1,848","1,029",476,262,94,61
강서구,화곡6동,"1,749","10,847","4,749","1,669",727,"6,160","2,530","2,334","1,002",684,490
강서구,화곡8동,"1,275","4,167","2,434","1,356",606,"1,793","1,153",803,508,215,167
강서구,가양1동,"5,790","56,353","19,376","3,870","1,634","44,872","14,305","4,457","2,034","3,154","1,403"
강서구,가양2동,633,"3,383","1,646",510,199,"2,399","1,161",340,199,134,87
강서구,가양3동,904,"7,374","2,841",540,168,"5,491","2,222","1,128",353,215,98
강서구,발산1동,"3,375","19,865","9,215","2,675","1,091","13,556","6,146","2,613","1,421","1,021",557
강서구,공항동,"2,040","36,149","18,219","1,766",748,"32,437","16,494","1,740",902,206,75
강서구,방화1동,"2,621","11,003","5,774","2,580","1,122","6,656","3,535","1,197",784,570,333
강서구,방화2동,"3,279","14,018","5,508","2,971",816,"8,864","3,596","1,982",968,201,128
강서구,방화3동,893,"4,698","2,127",829,295,"2,813","1,140",454,285,602,407
강서구,화곡1동,"3,048","10,879","5,032","3,160","1,372","4,201","2,347","3,055","1,057",463,256
강서구,우장산동,"1,664","7,981","4,511","1,651",781,"4,556","2,671","1,150",546,624,513
구로구,소계,"38,756","225,668","96,946","32,537","12,291","159,631","67,904","26,241","12,305","7,259","4,446"
구로구,신도림동,"2,784","15,121","7,719","2,335",854,"9,921","5,175","1,702",919,"1,163",771
구로구,구로1동,728,"3,603","1,731",728,307,"1,592",748,"1,251",655,32,21
구로구,구로3동,"7,883","92,379","35,909","3,516","1,359","78,786","30,450","8,013","3,201","2,064",899
구로구,구로4동,"2,133","6,044","3,360","2,378","1,238","2,613","1,461",851,509,202,152
구로구,구로5동,"4,477","26,529","11,628","3,892","1,198","16,129","7,238","4,344","1,693","2,164","1,499"
구로구,고척1동,"2,541","10,116","4,350","2,539",857,"5,683","2,597","1,610",742,284,154
구로구,고척2동,"1,460","4,177","2,165","1,526",636,"1,912","1,137",649,357,90,35
구로구,개봉2동,"1,212","3,361","1,857","1,333",572,"1,342",860,542,311,144,114
구로구,개봉3동,"1,020","7,391","3,286","1,063",464,"5,835","2,551",468,261,25,10
구로구,오류1동,"1,187","4,795","2,481","1,195",539,"2,618","1,403",906,490,76,49
구로구,오류2동,"1,729","9,157","3,949","1,615",622,"6,200","2,654","1,250",619,92,54
구로구,수궁동,"1,258","6,199","2,426","1,160",415,"4,135","1,514",832,448,72,49
구로구,가리봉동,993,"3,179","1,927","1,165",591,"1,348",850,411,243,255,243
구로구,구로2동,"7,653","28,133","11,222","6,318","1,871","18,918","7,798","2,457","1,300",440,253
구로구,개봉1동,"1,698","5,484","2,936","1,774",768,"2,599","1,468",955,557,156,143
금천구,소계,"33,814","242,686","92,097","24,520","9,340","180,767","68,503","30,636","11,017","6,763","3,237"
금천구,가산동,"16,661","170,886","60,313","7,699","2,768","137,656","49,102","21,127","6,544","4,404","1,899"
금천구,독산1동,"4,037","25,241","10,157","3,476","1,339","17,196","6,643","3,503","1,627","1,066",548
금천구,독산2동,"1,154","3,514","1,682","1,237",523,"1,368",719,786,358,123,82
금천구,독산3동,"2,087","6,500","3,338","2,330","1,010","3,131","1,763",936,481,103,84
금천구,독산4동,994,"3,130","1,588","1,138",493,"1,383",719,539,333,70,43
금천구,시흥1동,"3,078","15,728","7,976","3,079","1,378","10,439","5,391","1,655",845,555,362
금천구,시흥2동,651,"2,009","1,194",618,203,"1,107",805,148,88,136,98
금천구,시흥3동,"3,167","10,083","2,997","2,832",721,"5,813","1,954","1,270",290,168,32
금천구,시흥4동,853,"2,034","1,144",897,347,900,654,163,88,74,55
금천구,시흥5동,"1,132","3,561","1,708","1,214",558,"1,774",753,509,363,64,34
영등포구,소계,"42,370","373,478","155,828","34,503","13,592","290,507","120,280","37,219","16,810","11,249","5,146"
영등포구,여의도동,"8,132","160,633","60,484","3,979","1,823","141,527","52,362","12,739","5,393","2,388",906
영등포구,당산1동,"3,107","19,234","9,925","2,589",992,"13,440","7,276","1,916",881,"1,289",776
영등포구,당산2동,"2,289","22,947","9,309","1,698",719,"17,522","6,652","2,320","1,168","1,407",770
영등포구,양평1동,"3,068","24,084","10,186","2,492",568,"17,310","7,867","3,073","1,220","1,209",531
영등포구,양평2동,"2,182","19,921","7,760","1,522",594,"16,308","6,353","1,369",695,722,118
영등포구,신길1동,"1,091","5,280","2,759","1,157",523,"3,555","1,895",550,331,18,10
영등포구,신길3동,"1,369","2,905","1,276","1,430",417,"1,090",660,332,174,53,25
영등포구,신길4동,433,"1,461",822,466,175,668,429,200,108,127,110
영등포구,신길5동,526,"2,563","1,042",528,221,"1,218",531,791,283,26,7
영등포구,신길6동,"1,228","4,904","2,652","1,192",528,"3,050","1,704",503,282,159,138
영등포구,신길7동,620,"2,932","1,536",560,248,"2,001","1,040",198,116,173,132
영등포구,대림1동,"1,064","4,517","2,714","1,139",535,"2,716","1,811",555,298,107,70
영등포구,대림2동,"1,378","4,520","2,359","1,565",808,"2,134","1,001",750,488,71,62
영등포구,대림3동,"2,262","10,193","4,421","2,202",905,"6,229","2,604","1,383",709,379,203
영등포구,영등포본동,"1,410","5,361","2,751","1,341",640,"3,202","1,636",756,438,62,37
영등포구,영등포동,"5,883","34,391","16,441","5,374","2,218","24,000","11,849","3,566","1,887","1,451",487
영등포구,도림동,"1,021","2,975","1,222",991,384,"1,417",569,429,219,138,50
영등포구,문래동,"5,307","44,657","18,169","4,278","1,294","33,120","14,041","5,789","2,120","1,470",714
동작구,소계,"19,793","106,159","53,862","20,531","9,255","62,028","31,671","17,311","8,955","6,289","3,981"
동작구,노량진2동,"1,706","7,779","3,843","2,124",977,"4,297","2,067",902,466,456,333
동작구,상도1동,"1,765","8,821","4,421","1,740",764,"4,358","2,181","2,132","1,091",591,385
동작구,상도2동,"1,398","5,299","2,777","1,413",656,"2,832","1,524",919,508,135,89
동작구,상도3동,"1,011","3,477","1,960","1,085",472,"1,453",938,541,279,398,271
동작구,상도4동,"1,008","3,105","1,777","1,092",449,"1,567","1,006",375,254,71,68
동작구,사당1동,"1,790","9,815","4,577","1,750",769,"4,861","2,124","1,446",733,"1,758",951
동작구,사당3동,936,"4,032","2,018",869,373,"2,510","1,297",556,274,97,74
동작구,사당4동,659,"1,953","1,024",743,326,814,493,241,130,155,75
동작구,사당5동,519,"1,646",837,514,197,845,484,166,78,121,78
동작구,대방동,"1,693","11,691","5,216","1,567",686,"7,279","3,464","2,205",660,640,406
동작구,신대방1동,"1,035","4,210","1,813","1,110",529,"1,907",984,"1,022",158,171,142
동작구,신대방2동,"1,227","19,081","9,988","1,065",489,"14,541","6,944","2,612","1,926",863,629
동작구,흑석동,"1,557","10,324","5,698","1,636",821,"6,709","3,691","1,734","1,053",245,133
동작구,노량진1동,"1,856","8,214","4,133","2,024",900,"4,324","2,314","1,520",792,346,127
동작구,사당2동,"1,633","6,712","3,780","1,799",847,"3,731","2,160",940,553,242,220
관악구,소계,"25,505","115,329","55,645","26,170","11,264","59,196","30,225","23,785","10,609","6,178","3,547"
관악구,보라매동,"1,367","6,557","3,259","1,250",596,"4,024","1,995",662,366,621,302
관악구,청림동,451,"1,385",815,486,242,697,440,156,99,46,34
관악구,행운동,"1,372","6,845","3,760","1,445",690,"2,974","1,755","2,092","1,098",334,217
관악구,낙성대동,"1,296","7,867","3,565","1,249",528,"4,535","1,989","1,663",840,420,208
관악구,중앙동,965,"5,516","2,252",980,416,"2,278","1,335","2,023",308,235,193
관악구,인헌동,"1,053","3,578","1,913","1,128",509,"1,846","1,054",460,259,144,91
관악구,남현동,872,"4,957","2,302",788,342,"2,780","1,462",910,371,479,127
관악구,서원동,"1,279","7,459","3,995","1,238",542,"4,127","2,319","1,897",968,197,166
관악구,신원동,814,"2,356","1,347",958,455,"1,019",667,309,172,70,53
관악구,서림동,"1,115","3,245","1,346","1,185",393,"1,484",673,450,207,126,73
관악구,신사동,"1,359","4,356","2,094","1,422",624,"1,869",964,675,271,390,235
관악구,신림동,"1,687","6,638","3,344","1,872",848,"2,579","1,301","1,550",831,637,364
관악구,난향동,397,"1,886",942,372,157,"1,364",694,144,85,6,6
관악구,조원동,"2,150","7,116","3,119","2,265",838,"3,202","1,340","1,074",563,575,378
관악구,대학동,"1,636","15,017","6,843","1,600",724,"9,104","4,251","4,072","1,764",241,104
관악구,은천동,"1,562","6,658","2,983","1,592",682,"3,156","1,527","1,462",457,448,317
관악구,성현동,821,"2,951","1,504",804,328,"1,462",892,410,196,275,88
관악구,청룡동,"1,855","10,350","4,683","1,801",825,"5,949","2,755","2,139",802,461,301
관악구,난곡동,954,"2,452","1,312","1,033",384,"1,120",748,275,161,24,19
관악구,삼성동,"1,010","2,618","1,380","1,125",474,"1,016",580,313,170,164,156
관악구,미성동,"1,490","5,522","2,887","1,577",667,"2,611","1,484","1,049",621,285,115
서초구,소계,"46,940","438,985","177,838","32,355","14,275","322,617","135,234","68,785","20,049","15,228","8,280"
서초구,서초1동,"3,811","32,022","13,336","2,330",890,"25,414","10,722","3,556","1,338",722,386
서초구,서초2동,"5,072","53,003","18,980","2,590","1,177","36,820","15,241","12,120","1,864","1,473",698
서초구,서초3동,"7,725","81,064","32,105","4,773","1,696","65,287","26,625","7,846","2,501","3,158","1,283"
서초구,서초4동,"3,012","28,529","14,790","2,179",923,"22,860","11,742","2,345","1,373","1,145",752
서초구,잠원동,"2,199","18,054","7,819","1,620",755,"12,184","4,937","2,508","1,262","1,742",865
서초구,반포본동,665,"2,326","1,273",607,358,"1,299",627,413,283,7,5
서초구,반포1동,"1,737","10,255","4,374","1,339",648,"5,852","2,690","2,821",906,243,130
서초구,반포2동,306,"2,142","1,175",253,148,"1,604",829,244,174,41,24
서초구,반포3동,964,"7,502","3,520",857,469,"4,972","2,335","1,211",465,462,251
서초구,반포4동,"3,291","29,877","15,250","2,876","1,567","22,727","11,544","3,737","1,801",537,338
서초구,방배본동,"1,623","10,497","4,946","1,339",673,"7,673","3,473","1,176",632,309,168
서초구,방배1동,"1,907","16,332","6,896","1,392",633,"8,368","3,927","5,376","1,402","1,196",934
서초구,방배2동,"1,852","17,806","8,285","1,415",624,"12,122","5,757","2,892",931,"1,377",973
서초구,방배3동,"1,186","13,826","4,411",834,371,"8,719","3,106","3,388",474,885,460
서초구,방배4동,"2,149","14,635","6,256","1,626",719,"9,461","4,478","2,946",662,602,397
서초구,양재1동,"3,616","44,006","15,935","2,305",960,"33,714","12,672","7,308","1,916",679,387
서초구,양재2동,"4,989","48,262","15,214","3,229","1,308","36,854","12,072","7,654","1,686",525,148
서초구,내곡동,836,"8,847","3,273",791,356,"6,687","2,457","1,244",379,125,81
강남구,소계,"71,027","698,840","310,956","44,208","19,018","555,690","248,112","75,678","32,367","23,264","11,459"
강남구,신사동,"4,140","26,210","14,106","2,957","1,300","19,223","10,577","3,379","1,875",651,354
강남구,논현1동,"5,309","41,829","19,953","3,516","1,451","32,419","15,864","4,196","1,828","1,698",810
강남구,논현2동,"5,596","62,264","25,557","3,165","1,341","47,921","20,610","6,586","2,171","4,592","1,435"
강남구,삼성1동,"4,079","63,573","26,578","1,782",808,"55,251","22,932","5,806","2,543",734,295
강남구,삼성2동,"3,661","37,531","17,964","2,014",899,"30,726","14,565","4,006","2,008",785,492
강남구,대치1동,"1,068","6,451","3,602",851,433,"4,212","2,396",840,475,548,298
강남구,대치4동,"3,677","31,920","13,483","2,690","1,186","24,766","9,857","2,751","1,507","1,713",933
강남구,역삼1동,"15,451","155,883","65,738","8,014","3,267","127,369","52,673","14,967","6,941","5,533","2,857"
강남구,역삼2동,"3,775","38,437","17,093","2,131",946,"30,926","13,577","3,886","1,637","1,494",933
강남구,도곡1동,"1,596","17,066","7,589","1,067",492,"12,216","5,772","3,282","1,018",501,307
강남구,도곡2동,"1,828","19,895","7,922","1,089",544,"15,282","6,444","2,949",776,575,158
강남구,개포1동,169,875,211,163,72,673,123,35,14,4,2
강남구,개포4동,"1,884","10,524","4,084","1,354",523,"7,223","2,897","1,810",611,137,53
강남구,일원본동,500,"9,755","6,947",456,248,"8,899","6,443",381,240,19,16
강남구,일원1동,"2,123","6,888","2,451","2,111",394,"3,077","1,472","1,655",558,45,27
강남구,일원2동,564,"9,506","2,843",473,219,"8,421","2,210",326,201,286,213
강남구,수서동,"1,504","18,055","7,692",846,338,"13,720","6,166","3,164",950,325,238
강남구,세곡동,"1,338","7,062","3,192","1,066",431,"5,007","2,240",834,440,155,81
강남구,압구정동,"3,919","29,427","16,284","2,750","1,278","22,682","12,670","3,065","1,745",930,591
강남구,청담동,"4,212","38,137","20,010","2,757","1,408","29,670","15,823","4,855","2,177",855,602
강남구,대치2동,"3,897","64,496","25,951","2,256","1,099","54,009","21,605","6,591","2,511","1,640",736
강남구,개포2동,737,"3,056","1,706",700,341,"1,998","1,196",314,141,44,28
송파구,소계,"48,644","341,201","138,988","39,330","16,864","233,814","95,765","59,018","21,077","9,039","5,282"
송파구,풍납1동,730,"2,489","1,382",777,338,"1,200",674,342,224,170,146
송파구,풍납2동,"1,151","16,316","10,075","1,065",442,"13,998","8,925","1,144",687,109,21
송파구,거여1동,826,"3,649","1,818",814,304,"2,236","1,102",481,306,118,106
송파구,거여2동,841,"4,560","2,135",780,302,"3,073","1,518",638,278,69,37
송파구,마천1동,994,"2,411","1,118","1,028",390,"1,000",537,328,164,55,27
송파구,마천2동,"1,350","4,236","1,980","1,358",553,"2,311","1,065",543,352,24,10
송파구,방이1동,"1,317","8,454","3,440","1,128",514,"5,444","2,208","1,637",587,245,131
송파구,방이2동,"3,125","19,808","7,672","2,406","1,021","13,789","5,451","2,733",819,880,381
송파구,오륜동,496,"5,724","2,565",386,232,"4,713","2,015",609,305,16,13
송파구,오금동,"2,397","16,687","7,325","2,133",856,"12,225","5,467","2,199",908,130,94
송파구,송파1동,"2,509","14,692","5,555","2,245",891,"5,682","2,314","6,138","1,901",627,449
송파구,송파2동,836,"4,149","2,035",774,381,"2,490","1,293",684,256,201,105
송파구,석촌동,"2,666","15,306","6,213","2,392","1,062","8,391","3,577","3,554",848,969,726
송파구,삼전동,"2,028","11,418","4,182","1,917",812,"5,472","2,384","3,708",805,321,181
송파구,가락본동,"3,489","25,440","9,798","2,554","1,062","16,675","6,794","5,244","1,384",967,558
송파구,가락1동,"2,988","11,391","3,717","1,208",519,"9,340","2,859",690,299,153,40
송파구,가락2동,"1,901","9,763","4,468","1,707",785,"6,138","2,915","1,691",647,227,121
송파구,문정1동,"1,295","6,194","2,550","1,099",473,"4,149","1,616",869,413,77,48
송파구,문정2동,"7,131","59,850","19,515","4,192","1,488","44,941","15,062","9,914","2,690",803,275
송파구,장지동,"1,337","9,229","3,197","1,217",473,"6,897","2,208","1,024",463,91,53
송파구,위례동,667,"3,859","1,733",601,314,"2,726","1,053",511,352,21,14
송파구,잠실본동,"3,042","19,197","7,799","3,026","1,385","10,450","4,372","5,116","1,660",605,382
송파구,잠실4동,383,"1,696","1,161",383,207,960,710,333,224,20,20
송파구,잠실6동,"2,629","49,280","18,668","1,859",710,"40,517","14,602","5,303","2,267","1,601","1,089"
송파구,잠실7동,196,"1,284",723,186,107,779,454,178,92,141,70
송파구,잠실2동,777,"4,583","2,512",783,474,"2,843","1,515",708,436,249,87
송파구,잠실3동,"1,543","9,536","5,652","1,312",769,"5,375","3,075","2,699","1,710",150,98
강동구,소계,"29,080","141,770","67,070","29,062","11,889","84,054","40,076","22,352","10,603","6,302","4,502"
강동구,강일동,962,"17,586","4,287",834,278,"14,819","3,449","1,788",443,145,117
강동구,상일동,918,"5,176","2,942",946,365,"3,567","2,192",586,331,77,54
강동구,명일1동,"1,739","6,643","3,913","1,854",873,"3,056","1,800","1,114",705,619,535
강동구,명일2동,987,"3,944","2,256",953,459,"2,141","1,329",674,368,176,100
강동구,고덕1동,732,"2,670","1,468",730,322,"1,446",859,357,175,137,112
강동구,고덕2동,677,"2,548","1,436",701,296,"1,222",730,309,189,316,221
강동구,암사2동,838,"3,711","2,064",821,346,"2,177","1,226",617,416,96,76
강동구,암사3동,576,"2,185","1,145",561,237,"1,138",665,429,196,57,47
강동구,천호1동,"1,534","5,332","2,717","1,584",620,"2,582","1,423",839,393,327,281
강동구,천호3동,"1,830","7,474","3,576","1,895",811,"4,010","1,873",995,465,574,427
강동구,성내1동,"2,048","17,777","8,056","1,703",689,"12,377","6,049","3,249","1,060",448,258
강동구,성내2동,"1,836","6,770","3,517","1,867",801,"2,797","1,447","1,029",504,"1,077",765
강동구,성내3동,"2,439","9,117","4,130","2,458","1,096","4,887","2,252","1,463",646,309,136
강동구,둔촌1동,17,283,88,9,5,251,68,22,14,1,1
강동구,둔촌2동,"1,553","9,463","4,787","1,517",628,"6,603","3,553","1,100",426,243,180
강동구,암사1동,"1,918","5,646","2,869","2,125",901,"2,288","1,260","1,116",627,117,81
강동구,천호2동,"3,439","14,208","7,680","3,369","1,506","7,416","4,041","2,703","1,623",720,510
강동구,길동,"5,037","21,237","10,139","5,135","1,656","11,277","5,860","3,962","2,022",863,601
