구,행정동,사업체수,사업체수,종사자수,종사자수,종사자수,A. 농업 임업 및 어업,A. 농업 임업 및 어업,B. 광업,B. 광업,C. 제조업,C. 제조업,D. 전기 가스 증기 및 공기조절 공급업,D. 전기 가스 증기 및 공기조절 공급업,E. 수도 하수 및 폐기물 처리 원료 재생업,E. 수도 하수 및 폐기물 처리 원료 재생업,F. 건설업,F. 건설업,G. 도매 및 소매업,G. 도매 및 소매업,H. 운수 및 창고업,H. 운수 및 창고업,I. 숙박 및 음식점업,I. 숙박 및 음식점업,J. 정보통신업,J. 정보통신업,K. 금융 및 보험업,K. 금융 및 보험업,L. 부동산업,L. 부동산업,M. 전문 과학 및 기술 서비스업,M. 전문 과학 및 기술 서비스업,N. 사업시설 관리 사업 지원 및 임대 서비스업,N. 사업시설 관리 사업 지원 및 임대 서비스업,O. 공공행정 국방 및 사회보장 행정,O. 공공행정 국방 및 사회보장 행정,P. 교육 서비스업,P. 교육 서비스업,Q. 보건업 및 사회복지 서비스업,Q. 보건업 및 사회복지 서비스업,R. 예술 스포츠 및 여가관련 서비스업,R. 예술 스포츠 및 여가관련 서비스업,S. 협회 및 단체 수리 및 기타 개인 서비스업,S. 협회 및 단체 수리 및 기타 개인 서비스업
구,행정동,사업체수,여성대표자,계,남,여,사업체수,종사자수,사업체수,종사자수,사업체수,종사자수,사업체수,종사자수,사업체수,종사자수,사업체수,종사자수,사업체수,종사자수,사업체수,종사자수,사업체수,종사자수,사업체수,종사자수,사업체수,종사자수,사업체수,종사자수,사업체수,종사자수,사업체수,종사자수,사업체수,종사자수,사업체수,종사자수,사업체수,종사자수,사업체수,종사자수,사업체수,종사자수
합계,합계,"823,624","281,318","5,226,997","2,885,614","2,341,383",24,426,20,43,"57,321","265,273",225,"6,234",475,"9,158","21,626","362,785","220,055","899,642","94,759","264,181","132,475","493,912","23,356","360,062","11,444","266,110","43,611","166,094","42,782","485,150","16,354","472,573","1,296","141,582","35,761","351,320","29,168","400,143","23,527","92,752","69,345","189,557"
종로구,소계,"39,679","13,356","260,446","146,392","114,054",3,18,5,10,"4,462","13,180",16,489,7,131,342,"24,112","16,128","42,172","1,436","7,606","6,709","26,606",785,"16,278",587,"23,389","1,405","6,341","1,572","22,550","1,211","17,932",94,"15,109",829,"13,474",750,"17,366",899,"6,034","2,439","7,649"
종로구,사직동,"3,574","1,203","47,522","25,154","22,368",1,12,1,2,104,359,3,11,2,34,39,688,541,"2,726",229,"2,513",886,"4,124",154,"2,133",146,"7,794",168,"1,091",366,"8,098",378,"7,408",23,"6,088",83,786,106,"1,096",91,"1,653",253,906
종로구,삼청동,732,327,"4,601","2,271","2,330",-,-,-,-,18,40,-,-,-,-,7,57,267,910,21,93,222,874,17,76,11,63,21,35,50,348,26,108,4,"1,291",17,297,7,30,19,185,25,194
종로구,부암동,599,255,"3,454","1,764","1,690",-,-,1,1,31,158,-,-,-,-,23,76,108,550,37,39,128,394,30,126,3,29,28,91,31,110,19,73,3,60,38,"1,190",19,183,18,49,82,325
종로구,평창동,761,328,"3,447","1,518","1,929",-,-,1,4,23,142,-,-,-,-,19,87,158,638,38,120,139,551,24,88,9,55,66,168,35,107,15,41,3,90,48,425,38,480,33,185,112,266
종로구,무악동,647,102,"1,644",872,772,-,-,-,-,4,6,-,-,-,-,9,53,53,121,424,442,34,105,3,13,2,17,19,94,5,5,3,12,1,12,28,177,10,486,5,11,47,90
종로구,교남동,413,178,"4,581","1,481","3,100",-,-,-,-,8,20,-,-,-,-,11,36,90,287,27,52,80,284,13,72,7,37,40,111,15,96,9,20,2,37,19,176,25,"3,139",11,44,56,170
종로구,가회동,765,351,"12,817","9,546","3,271",-,-,-,-,34,281,-,-,-,-,12,"6,585",172,481,22,56,242,877,18,"1,053",11,105,25,69,60,"1,386",19,232,3,495,35,691,15,93,40,190,57,223
종로구,종로1.2.3.4가동,"15,472","4,920","108,747","65,713","43,034",-,-,2,3,"1,872","5,329",8,472,3,19,77,"15,721","7,063","18,420",172,"2,361","2,410","10,882",293,"9,611",239,"12,295",482,"3,049",620,"8,991",536,"7,616",24,"4,944",302,"3,225",203,"1,645",246,"1,329",920,"2,835"
종로구,종로5·6가동,"7,238","2,396","24,537","14,825","9,712",1,1,-,-,992,"2,780",2,2,-,-,26,122,"4,667","10,587",67,"1,152",620,"1,978",69,"1,813",35,"1,166",163,576,101,803,66,"1,477",5,314,35,242,98,467,44,159,247,898
종로구,이화동,"1,191",407,"17,244","7,708","9,536",1,5,-,-,88,468,1,2,-,-,15,54,229,"1,175",32,64,360,"1,871",46,734,7,64,53,162,62,"1,169",15,67,3,86,40,"2,315",31,"7,921",129,700,79,387
종로구,창신1동,"2,179",707,"5,907","2,978","2,929",-,-,-,-,313,748,-,-,1,41,7,27,"1,213","2,482",54,144,252,735,10,29,46,546,54,180,27,76,21,72,1,17,11,108,46,406,34,110,89,186
종로구,창신2동,864,300,"2,216","1,051","1,165",-,-,-,-,397,"1,119",-,-,-,-,12,19,120,223,44,46,124,296,6,8,4,38,18,30,9,11,10,24,2,37,5,33,26,189,17,34,70,109
종로구,창신3동,281,86,895,442,453,-,-,-,-,48,128,1,1,1,37,7,15,56,131,48,87,31,72,4,7,1,7,24,65,4,29,3,3,2,43,12,124,8,89,7,18,24,39
종로구,숭인1동,493,162,"1,545",687,858,-,-,-,-,166,537,-,-,-,-,9,26,90,255,43,72,43,129,8,12,2,15,19,58,14,35,7,17,1,17,12,34,23,220,6,23,50,95
종로구,숭인2동,"1,747",540,"6,886","3,090","3,796",-,-,-,-,288,920,1,1,-,-,28,256,746,"1,703",50,86,258,718,15,51,43,"1,001",86,250,32,297,29,577,4,103,23,397,22,194,38,175,84,157
종로구,청운효자동,"1,028",465,"5,656","2,950","2,706",-,-,-,-,42,76,-,-,-,-,22,92,256,593,49,130,265,711,32,147,12,68,52,108,77,396,20,86,8,"1,277",42,672,27,457,27,520,97,323
종로구,혜화동,"1,695",629,"8,747","4,342","4,405",-,-,-,-,34,69,-,-,-,-,19,198,299,890,79,149,615,"2,005",43,305,9,89,87,204,64,593,35,99,5,198,79,"2,582",46,271,134,649,147,446
중구,소계,"60,127","22,451","392,568","213,484","179,084",-,-,1,5,"9,018","28,901",4,706,12,357,372,"7,335","30,681","95,562","1,495","13,924","6,250","34,751",957,"25,640","1,301","51,429","1,780","9,455","2,758","36,390","1,501","37,159",65,"20,287",502,"8,598",760,"10,342",558,"3,637","2,112","8,090"
중구,소공동,"3,849","1,163","64,144","36,680","27,464",-,-,-,-,76,233,1,3,2,22,21,638,"1,291","9,386",264,"5,776",740,"7,382",92,"4,048",254,"16,313",145,"1,065",366,"7,345",255,"8,028",5,364,43,853,65,772,42,444,187,"1,472"
중구,회현동,"8,566","4,391","45,216","23,422","21,794",-,-,1,5,206,740,-,-,-,-,18,606,"6,763","19,341",101,"2,149",601,"3,486",48,"2,978",149,"6,155",164,"1,059",100,"4,212",80,"1,742",7,485,26,320,74,728,32,709,196,501
중구,명동,"6,965","1,991","110,390","59,638","50,752",-,-,-,-,257,993,3,703,2,29,34,631,"1,781","12,006",258,"3,367","1,345","8,482",289,"11,932",551,"23,538",379,"3,266",611,"10,640",629,"13,961",17,"14,632",80,"1,038",181,"2,197",73,480,475,"2,495"
중구,필동,"2,886",782,"22,404","12,611","9,793",-,-,-,-,984,"4,115",-,-,1,33,17,133,356,"1,505",33,180,475,"1,706",129,"2,297",44,879,108,264,415,"2,426",73,"2,793",6,"1,184",53,"3,488",37,576,46,433,109,392
중구,장충동,819,238,"9,181","5,254","3,927",-,-,-,-,101,493,-,-,2,166,12,"1,088",234,"1,579",25,84,166,"2,021",37,626,10,69,35,273,70,"1,201",25,685,3,144,15,84,12,66,18,423,54,179
중구,광희동,"8,472","3,019","36,451","20,148","16,303",-,-,-,-,"2,307","7,001",-,-,-,-,39,497,"4,168","11,366",95,497,732,"3,259",94,"1,043",91,871,169,"1,039",374,"5,330",115,"1,493",3,"1,435",30,246,45,"1,655",51,149,159,570
중구,을지로동,"8,812","1,969","35,333","22,812","12,521",-,-,-,-,"3,399","8,931",-,-,-,-,48,"2,630","3,455","10,276",70,360,629,"3,372",121,"1,115",86,"1,596",201,540,431,"2,189",83,"2,341",4,388,18,113,46,856,59,214,162,412
중구,신당5동,"1,193",471,"4,057","1,974","2,083",-,-,-,-,274,"1,073",-,-,1,1,24,108,303,801,62,95,225,551,10,44,6,95,54,126,22,87,9,25,2,44,17,299,45,447,38,91,101,170
중구,황학동,"1,947",635,"5,643","3,210","2,433",-,-,-,-,185,431,-,-,-,-,11,127,"1,123","2,762",54,104,265,698,4,11,17,174,66,172,31,112,14,426,2,23,18,93,29,196,31,81,97,233
중구,중림동,"1,016",330,"7,530","3,578","3,952",-,-,-,-,64,429,-,-,1,33,11,60,240,"1,160",78,551,236,810,30,973,29,702,51,178,49,956,30,382,3,49,30,355,44,315,23,114,97,463
중구,신당동,"11,459","6,001","29,891","12,919","16,972",-,-,-,-,549,"1,697",-,-,1,31,25,93,"9,855","21,210",69,174,323,"1,127",20,108,33,722,187,738,77,266,109,"1,064",7,"1,388",16,457,29,404,42,174,117,238
중구,다산동,"1,424",475,"9,742","5,014","4,728",-,-,-,-,173,728,-,-,-,-,49,338,379,"1,495",121,176,204,811,40,268,12,132,65,168,96,"1,046",41,"3,227",1,22,43,407,52,475,39,106,109,343
중구,약수동,833,323,"4,122","1,753","2,369",-,-,-,-,44,199,-,-,1,24,23,108,192,674,105,200,125,452,16,44,7,49,52,248,39,169,15,134,3,92,39,204,50,"1,235",22,82,100,208
중구,청구동,881,320,"4,419","2,598","1,821",-,-,-,-,126,603,-,-,1,18,27,232,241,827,96,139,86,319,19,131,7,76,47,143,47,192,13,773,1,19,49,454,26,232,18,60,77,201
중구,동화동,"1,005",343,"4,045","1,873","2,172",-,-,-,-,273,"1,235",-,-,-,-,13,46,300,"1,174",64,72,98,275,8,22,5,58,57,176,30,219,10,85,1,18,25,187,25,188,24,77,72,213
용산구,소계,"20,254","7,074","135,240","74,570","60,670",-,-,-,-,905,"2,955",3,5,12,145,403,"6,686","6,842","31,996","1,205","3,951","4,594","18,282",459,"9,718",251,"5,090","1,223","4,314",858,"15,994",361,"10,766",47,"3,101",537,"6,973",562,"7,147",401,"2,623","1,591","5,494"
용산구,후암동,928,355,"3,658","1,856","1,802",-,-,-,-,51,162,-,-,-,-,31,155,220,687,118,122,198,601,27,427,6,24,56,158,35,97,8,197,3,107,39,244,38,349,14,130,84,198
용산구,용산2가동,601,204,"2,070",944,"1,126",-,-,-,-,22,48,-,-,-,-,9,25,126,264,71,105,210,635,8,83,2,10,29,47,25,64,6,18,1,20,16,448,13,146,10,66,53,91
용산구,남영동,"1,619",583,"20,322","11,367","8,955",-,-,-,-,71,331,1,3,2,17,30,"2,048",381,"3,810",47,943,512,"2,136",41,"1,050",45,"2,157",55,175,72,"3,460",65,"2,329",4,68,33,198,65,550,53,344,142,703
용산구,원효로2동,958,291,"6,846","4,318","2,528",-,-,-,-,28,113,-,-,2,63,28,197,412,"2,315",98,302,107,280,23,689,4,24,61,255,20,112,17,"1,756",1,18,40,329,20,172,17,40,80,181
용산구,효창동,418,131,"2,182","1,211",971,-,-,-,-,16,30,-,-,-,-,17,580,86,295,76,163,49,154,14,49,4,28,30,66,15,54,8,88,1,22,32,167,29,318,11,58,30,110
용산구,용문동,630,255,"1,789",817,972,-,-,-,-,32,93,-,-,-,-,26,74,193,646,77,93,117,275,4,23,3,17,32,66,7,10,4,26,1,23,23,58,27,245,12,22,72,118
용산구,이촌1동,812,399,"3,613","1,597","2,016",-,-,-,-,5,18,-,-,-,-,15,51,223,543,25,27,185,752,9,35,18,146,98,464,12,113,2,7,3,38,54,601,57,448,21,129,85,241
용산구,이촌2동,347,119,832,494,338,-,-,-,-,12,33,-,-,2,19,12,22,84,199,80,88,32,71,9,30,3,37,37,95,6,12,4,12,2,44,9,10,9,76,4,6,42,78
용산구,이태원1동,"1,538",634,"7,006","3,655","3,351",-,-,-,-,34,81,-,-,-,-,8,39,566,"1,505",33,84,618,"2,745",8,39,20,112,55,212,40,166,21,129,5,"1,320",8,90,21,273,20,64,81,147
용산구,이태원2동,720,267,"2,208","1,175","1,033",-,-,-,-,22,61,-,-,-,-,14,80,166,521,63,112,242,674,11,68,10,40,58,78,34,171,6,27,1,18,15,151,17,113,9,15,52,79
용산구,서빙고동,414,141,"4,683","2,651","2,032",-,-,-,-,13,43,-,-,1,2,18,924,113,792,55,236,53,180,11,468,4,19,34,226,21,154,5,33,2,46,24,236,11,72,8,733,41,519
용산구,보광동,840,340,"2,076","1,052","1,024",-,-,-,-,27,41,-,-,-,-,23,46,202,393,94,106,187,423,8,17,2,19,72,118,19,73,6,59,2,55,22,316,34,209,17,23,125,178
용산구,청파동,"1,685",633,"8,542","4,052","4,490",-,-,-,-,313,963,1,1,1,10,24,99,323,955,122,147,402,"1,016",39,331,11,95,80,145,39,678,34,375,3,34,55,"2,424",37,348,40,167,161,754
용산구,원효로1동,"1,758",519,"10,067","5,990","4,077",-,-,-,-,76,267,1,1,1,2,41,407,702,"3,429",84,158,322,941,50,293,31,413,102,278,80,683,31,"1,385",5,570,37,290,45,496,31,106,119,348
용산구,한강로동,"4,899","1,410","41,427","24,376","17,051",-,-,-,-,124,445,-,-,3,32,58,835,"2,528","12,633",76,"1,009",764,"3,783",150,"5,447",62,"1,208",257,"1,379",276,"7,621",95,"3,524",10,649,70,526,85,922,69,222,272,"1,192"
용산구,한남동,"2,087",793,"17,919","9,015","8,904",-,-,-,-,59,226,-,-,-,-,49,"1,104",517,"3,009",86,256,596,"3,616",47,669,26,741,167,552,157,"2,526",49,801,3,69,60,885,54,"2,410",65,498,152,557
성동구,소계,"28,343","8,563","178,243","102,769","75,474",2,5,-,-,"4,181","26,041",18,481,31,766,655,"6,330","7,457","33,180","2,781","8,814","3,935","12,957",917,"11,676",310,"3,686","1,456","5,799","1,687","16,671",448,"16,877",45,"4,127",995,"11,678",754,"9,255",592,"2,113","2,079","7,787"
성동구,왕십리2동,824,300,"2,757","1,283","1,474",-,-,-,-,165,582,-,-,-,-,25,131,149,425,115,287,105,286,6,21,6,54,68,171,9,31,7,47,2,28,35,220,34,289,17,45,81,140
성동구,마장동,"3,207",780,"12,056","7,921","4,135",-,-,-,-,282,969,2,148,2,27,44,364,"1,665","5,545",571,989,206,609,15,49,11,156,83,196,40,386,22,"1,100",2,49,47,375,50,620,30,114,135,360
성동구,사근동,"1,072",349,"10,842","5,097","5,745",-,-,-,-,44,139,-,-,2,4,10,29,151,543,67,105,464,"1,756",22,97,7,59,49,123,45,876,15,29,3,226,48,"4,383",11,"2,103",61,150,73,220
성동구,행당1동,"1,388",537,"8,651","4,223","4,428",-,-,-,-,90,254,1,1,2,198,29,348,360,"1,252",110,211,310,"1,327",18,174,13,127,67,250,28,162,18,101,7,"2,283",81,506,73,665,43,255,138,537
성동구,행당2동,627,291,"2,050",817,"1,233",-,-,-,-,15,34,-,-,-,-,20,63,112,310,116,127,67,228,1,1,4,38,46,207,6,19,2,6,2,52,89,550,44,244,14,45,89,126
성동구,응봉동,369,133,"1,028",495,533,-,-,-,-,9,19,-,-,1,2,16,41,62,118,103,124,36,98,2,3,1,3,22,94,1,5,1,6,2,44,42,292,16,91,10,16,45,72
성동구,금호1가동,567,213,"2,100",926,"1,174",-,-,-,-,38,139,-,-,-,-,17,97,89,275,112,135,68,202,4,8,4,35,42,131,11,21,5,33,2,48,55,458,37,294,16,72,67,152
성동구,금호4가동,657,288,"2,026",895,"1,131",-,-,-,-,32,86,-,-,1,2,11,108,128,343,76,90,118,353,1,4,6,57,54,131,21,55,6,16,2,21,38,271,39,245,26,61,98,183
성동구,성수1가1동,"1,792",506,"10,716","6,274","4,442",-,-,-,-,419,"2,069",-,-,1,123,32,169,362,"1,946",134,208,175,592,94,"1,163",16,205,119,443,185,"1,634",23,407,2,23,69,594,28,216,35,401,98,523
성동구,성수1가2동,"2,877",768,"21,512","12,757","8,755",1,2,-,-,464,"3,016",7,12,5,55,82,843,635,"4,416",179,"1,326",418,"1,363",248,"3,114",27,375,130,696,333,"2,378",63,"2,200",3,28,66,428,43,541,46,102,127,617
성동구,성수2가1동,"2,526",695,"18,394","11,628","6,766",-,-,-,-,620,"4,213",-,-,-,-,53,540,646,"3,233",185,600,362,"1,080",91,"2,101",7,60,99,270,127,"3,012",28,"1,133",5,758,29,387,46,298,50,116,178,593
성동구,성수2가3동,"5,805","1,298","53,249","32,742","20,507",-,-,-,-,"1,370","12,093",6,14,4,24,168,"2,763","1,426","9,249",409,"1,534",527,"1,864",334,"4,564",58,"1,070",259,"1,823",626,"6,439",144,"7,226",2,58,77,"1,255",56,514,94,310,245,"2,449"
성동구,송정동,711,195,"2,709","1,617","1,092",-,-,-,-,103,433,-,-,2,3,30,206,143,359,122,160,80,158,8,26,1,1,31,57,71,466,6,21,2,273,18,92,15,178,13,24,66,252
성동구,용답동,"1,864",511,"13,279","8,586","4,693",1,3,-,-,171,740,2,306,9,304,43,230,656,"2,543",133,"2,288",238,667,26,114,85,538,78,224,69,764,48,"3,116",2,53,34,207,45,488,35,89,189,605
성동구,왕십리도선동,"2,176",855,"10,015","4,417","5,598",-,-,-,-,247,852,-,-,2,24,31,214,498,"1,722",140,310,428,"1,465",29,178,52,821,158,539,68,194,46,765,3,80,123,824,109,"1,402",52,143,190,482
성동구,금호2.3가동,"1,013",451,"2,670","1,142","1,528",-,-,-,-,79,229,-,-,-,-,18,59,208,403,139,167,207,472,2,9,7,46,63,146,13,65,6,32,2,51,50,195,58,484,22,95,139,217
성동구,옥수동,868,393,"4,189","1,949","2,240",-,-,-,-,33,174,-,-,-,-,26,125,167,498,70,153,126,437,16,50,5,41,88,298,34,164,8,639,2,52,94,641,50,583,28,75,121,259
광진구,소계,"24,445","8,921","126,305","67,899","58,406",-,-,-,-,"1,657","6,935",3,8,16,242,782,"13,131","5,758","19,389","2,495","5,240","4,786","16,639",341,"3,264",221,"4,117","1,345","4,073",809,"5,071",467,"9,746",36,"2,678","1,209","14,184",916,"11,551","1,052","4,209","2,552","5,828"
광진구,화양동,"2,447",870,"15,023","7,686","7,337",-,-,-,-,71,217,-,-,-,-,41,318,410,"1,511",93,340,955,"3,783",44,213,15,98,133,318,75,700,57,373,2,106,79,"3,456",68,"2,578",181,485,223,527
광진구,군자동,"1,593",565,"10,021","5,224","4,797",-,-,-,-,127,460,-,-,-,-,43,215,333,"1,462",132,597,363,"1,123",35,173,20,249,79,160,44,524,38,"1,643",1,23,70,"2,265",63,595,63,136,182,396
광진구,중곡1동,"1,588",545,"6,288","3,164","3,124",-,-,-,-,252,"1,208",-,-,1,2,65,390,434,"1,347",153,296,252,550,15,103,7,50,75,132,43,154,28,589,2,49,36,88,48,965,42,61,135,304
광진구,중곡2동,"1,674",632,"6,959","3,631","3,328",-,-,-,-,167,684,-,-,-,-,70,608,361,"1,248",182,263,243,662,21,118,18,325,81,124,50,305,39,985,3,56,88,345,72,790,59,108,220,338
광진구,중곡3동,"1,301",476,"4,543","2,198","2,345",-,-,-,-,214,808,-,-,1,3,42,275,264,677,184,326,219,532,6,17,3,28,51,73,12,32,16,247,2,50,27,159,50,886,56,126,154,304
광진구,중곡4동,"1,524",542,"4,751","2,525","2,226",-,-,-,-,187,714,-,-,2,27,53,241,309,824,310,472,216,570,5,17,5,87,52,81,11,38,18,101,3,83,71,727,59,362,58,128,165,279
광진구,능동,802,284,"5,723","2,718","3,005",-,-,-,-,34,178,-,-,1,18,27,182,193,"1,088",73,149,147,488,14,96,16,455,48,101,44,191,17,311,3,79,36,"1,424",28,258,48,506,73,199
광진구,구의1동,"1,760",667,"6,989","3,769","3,220",-,-,-,-,87,320,1,1,2,19,67,763,353,"1,020",126,202,402,"1,125",28,154,18,159,120,223,112,375,31,473,5,545,62,461,55,607,93,169,198,373
광진구,구의2동,"1,309",465,"5,912","3,227","2,685",-,-,-,-,83,448,-,-,1,88,29,996,234,926,276,436,234,666,11,52,10,245,77,126,27,230,16,95,1,24,77,485,62,699,40,111,131,285
광진구,구의3동,"2,695",927,"16,544","9,530","7,014",-,-,-,-,42,245,-,-,2,9,66,"1,788","1,092","3,173",121,866,386,"1,517",52,"1,074",28,499,149,940,114,856,47,"2,408",1,26,193,983,91,705,94,336,217,"1,119"
광진구,광장동,"1,398",516,"16,114","10,261","5,853",-,-,-,-,49,242,1,4,3,46,67,"5,197",340,"1,524",71,111,210,"1,865",28,183,29,"1,457",118,610,68,386,34,714,2,61,135,"1,624",62,438,45,"1,362",136,290
광진구,자양1동,"1,780",688,"8,987","4,555","4,432",-,-,-,-,111,461,1,3,1,27,57,764,445,"1,292",174,245,301,906,33,164,14,147,95,217,71,465,38,856,3,"1,378",71,299,88,"1,231",65,140,212,392
광진구,자양2동,"1,433",488,"6,095","3,386","2,709",-,-,-,-,74,360,-,-,2,3,84,553,261,743,238,441,195,585,13,650,8,115,84,343,48,236,29,284,1,27,96,836,55,482,60,130,185,307
광진구,자양3동,"1,324",573,"6,185","2,780","3,405",-,-,-,-,37,132,-,-,-,-,30,177,284,"1,304",188,279,236,968,13,136,15,153,101,451,35,153,26,533,3,95,126,761,51,510,45,194,134,339
광진구,자양4동,"1,817",683,"6,171","3,245","2,926",-,-,-,-,122,458,-,-,-,-,41,664,445,"1,250",174,217,427,"1,299",23,114,15,50,82,174,55,426,33,134,4,76,42,271,64,445,103,217,187,376
동대문구,소계,"31,324","10,456","138,400","73,067","65,333",-,-,2,4,"3,146","12,956",2,3,20,143,735,"5,797","10,599","30,950","3,523","6,520","4,845","14,420",238,"1,931",260,"4,007","1,453","4,489",633,"7,325",446,"6,985",50,"3,430","1,027","16,657","1,051","15,154",762,"2,344","2,532","5,285"
동대문구,회기동,"1,034",418,"10,615","5,107","5,508",-,-,-,-,24,61,-,-,-,-,13,58,197,558,46,71,436,"1,373",16,209,11,69,33,70,23,104,15,55,2,39,50,"4,459",22,"3,041",59,174,87,274
동대문구,휘경1동,929,355,"3,558","1,628","1,930",-,-,-,-,55,208,-,-,1,2,28,180,212,"1,001",84,127,214,717,13,25,3,18,69,183,16,65,25,169,1,19,38,134,43,340,30,88,97,282
동대문구,휘경2동,"1,221",292,"4,930","2,345","2,585",-,-,-,-,35,169,-,-,1,3,22,130,148,440,600,617,130,317,5,14,3,18,57,145,8,24,13,60,7,242,53,"1,170",34,"1,405",26,39,79,137
동대문구,청량리동,"1,614",587,"8,267","4,363","3,904",-,-,-,-,94,239,-,-,2,12,34,244,393,"1,072",150,209,319,859,12,122,14,227,79,238,80,"1,495",29,191,4,602,50,781,86,"1,296",69,236,199,444
동대문구,용신동,"5,195","1,573","28,569","14,970","13,599",-,-,-,-,859,"3,420",2,3,4,39,139,"1,241","2,018","6,650",245,456,684,"2,043",63,525,82,"2,119",254,991,153,"2,341",104,"2,639",8,"1,632",95,"1,120",105,"2,228",83,452,297,670
동대문구,제기동,"4,632","1,600","13,499","7,712","5,787",-,-,1,1,385,"1,082",-,-,1,3,53,362,"2,741","6,124",176,331,522,"1,277",17,61,21,233,145,330,40,"1,299",29,154,3,98,66,514,156,"1,070",36,104,240,456
동대문구,전농1동,"2,262",879,"7,802","4,089","3,713",-,-,-,-,128,452,-,-,1,1,72,354,749,"2,118",219,891,455,"1,501",9,83,10,67,118,195,32,126,27,314,6,144,74,331,70,628,65,169,227,428
동대문구,전농2동,920,354,"4,853","2,488","2,365",-,-,-,-,53,200,-,-,-,-,23,69,167,389,173,176,133,404,9,18,5,29,36,107,27,236,7,12,2,152,88,"2,471",49,284,34,73,114,233
동대문구,답십리1동,"1,971",597,"8,041","4,135","3,906",-,-,1,3,128,869,-,-,1,2,37,484,607,"1,604",399,672,198,582,25,63,25,230,109,312,44,224,55,"1,238",2,66,87,492,75,784,37,104,141,312
동대문구,답십리2동,"2,187",620,"7,544","4,270","3,274",-,-,-,-,170,659,-,-,1,3,56,427,881,"2,536",307,415,219,624,7,20,11,122,99,494,23,164,21,280,3,31,59,277,93,929,53,130,184,433
동대문구,장안1동,"4,409","1,323","20,501","11,399","9,102",-,-,-,-,712,"3,321",-,-,4,10,123,"1,539","1,421","5,073",440,"1,209",558,"1,730",41,713,50,728,200,886,119,705,73,"1,628",6,249,82,502,107,"1,164",89,298,384,746
동대문구,장안2동,"3,071","1,155","11,503","5,334","6,169",-,-,-,-,430,"2,013",-,-,2,20,69,338,754,"2,584",383,604,532,"1,732",14,61,15,85,136,261,39,235,22,187,2,61,177,"1,091",117,"1,438",119,313,260,480
동대문구,이문1동,"1,191",448,"6,425","3,919","2,506",-,-,-,-,28,87,-,-,1,2,37,153,196,550,127,180,355,"1,039",6,16,7,53,69,150,25,293,25,55,2,70,59,"3,082",58,290,51,140,145,265
동대문구,이문2동,688,255,"2,293","1,308",985,-,-,-,-,45,176,-,-,1,46,29,218,115,251,174,562,90,222,1,1,3,9,49,127,4,14,1,3,2,25,49,233,36,257,11,24,78,125
중랑구,소계,"28,228","9,519","103,345","53,185","50,160",-,-,-,-,"3,423","14,695",6,118,21,206,965,"6,429","5,181","15,505","6,550","12,496","4,171","11,311",142,894,158,"1,741","1,161","3,100",386,"1,726",350,"3,092",47,"3,533",915,"7,925","1,031","13,013",968,"2,543","2,753","5,018"
중랑구,면목2동,"2,062",690,"6,306","3,174","3,132",-,-,-,-,463,"1,923",-,-,1,6,87,378,405,"1,028",354,591,273,603,14,70,4,17,72,150,23,83,12,75,2,84,54,280,51,632,49,95,198,291
중랑구,면목4동,"1,172",399,"3,839","2,158","1,681",-,-,-,-,187,783,-,-,1,1,56,263,165,400,288,863,142,287,4,10,7,37,47,105,20,68,12,35,6,73,58,394,34,260,27,99,118,161
중랑구,면목5동,830,239,"3,050","1,856","1,194",-,-,-,-,207,886,-,-,2,7,42,396,161,563,178,491,85,193,1,1,1,17,27,42,12,30,17,80,2,72,4,38,15,86,17,36,59,112
중랑구,면목7동,"1,477",554,"4,335","2,034","2,301",-,-,-,-,195,810,-,-,1,8,57,194,325,757,233,376,218,575,-,-,8,149,76,171,20,55,11,38,2,25,38,195,66,563,54,129,173,290
중랑구,상봉1동,"1,171",395,"6,638","3,499","3,139",-,-,-,-,76,562,-,-,-,-,32,458,278,941,281,"1,235",142,685,6,192,12,389,56,232,11,22,19,175,1,28,55,748,54,680,32,86,116,205
중랑구,상봉2동,"2,159",809,"9,306","4,812","4,494",-,-,-,-,226,910,1,1,1,1,60,330,413,"2,006",178,373,548,"1,648",21,189,23,302,116,288,47,464,49,678,3,132,32,290,66,840,179,494,196,360
중랑구,중화1동,"1,089",361,"3,590","1,639","1,951",-,-,-,-,121,582,1,29,1,5,49,217,198,564,252,264,90,224,9,40,5,31,54,136,21,59,15,69,2,23,71,531,49,560,18,44,133,212
중랑구,중화2동,"2,111",773,"6,771","3,810","2,961",-,-,-,-,243,916,-,-,4,15,86,522,476,"1,202",327,501,385,899,13,44,14,119,71,536,39,202,34,473,5,124,22,92,63,398,96,269,233,459
중랑구,묵1동,"1,555",569,"5,736","2,689","3,047",-,-,-,-,77,420,2,83,-,-,48,402,296,999,359,379,255,759,13,116,12,117,91,237,21,108,16,118,2,65,67,685,69,627,50,158,177,463
중랑구,묵2동,"1,811",536,"4,688","2,457","2,231",-,-,-,-,152,611,-,-,-,-,55,296,298,804,607,621,228,542,9,38,6,53,68,137,21,101,20,244,2,51,51,274,56,461,58,125,180,330
중랑구,망우3동,"1,132",407,"3,746","1,846","1,900",-,-,-,-,245,"1,129",1,4,-,-,47,209,186,523,245,434,123,270,4,9,2,16,35,45,9,26,19,113,1,21,36,333,41,409,22,57,116,148
중랑구,신내1동,"2,017",622,"11,518","6,629","4,889",-,-,-,-,96,365,-,-,3,88,74,"1,350",297,"1,141",685,"2,409",258,825,6,52,12,61,88,249,22,86,23,198,2,402,117,618,92,"3,076",61,184,181,414
중랑구,신내2동,"1,120",433,"6,468","2,985","3,483",-,-,-,-,15,22,1,1,1,5,33,266,204,606,305,381,127,488,8,30,5,42,45,151,34,111,15,196,7,"2,156",104,766,78,935,23,92,115,220
중랑구,면목본동,"2,572",963,"7,681","3,475","4,206",-,-,-,-,448,"1,837",-,-,3,4,101,563,518,"1,324",375,444,417,973,14,36,12,79,111,171,38,142,26,112,3,81,65,394,100,969,75,142,266,410
중랑구,면목3.8동,"2,123",766,"7,671","3,852","3,819",-,-,-,-,320,"1,347",-,-,1,13,54,220,367,870,361,806,408,"1,099",5,11,12,92,89,195,16,57,28,199,3,73,67,"1,168",68,934,106,231,218,356
중랑구,망우본동,"3,827","1,003","12,002","6,270","5,732",-,-,-,-,352,"1,592",-,-,2,53,84,365,594,"1,777","1,522","2,328",472,"1,241",15,56,23,220,115,255,32,112,34,289,4,123,74,"1,119",129,"1,583",101,302,274,587
성북구,소계,"23,617","8,922","111,005","54,975","56,030",-,-,-,-,"2,144","7,873",4,8,13,171,575,"4,133","4,697","14,662","3,557","6,130","4,461","13,323",241,"1,900",144,"1,576","1,203","3,827",480,"5,384",264,"5,624",51,"3,308","1,368","21,947","1,045","13,249",745,"2,323","2,625","5,567"
성북구,돈암1동,386,134,"2,116","1,019","1,097",-,-,-,-,10,44,-,-,-,-,12,229,61,183,107,128,39,182,-,-,2,6,32,116,2,7,3,161,1,22,37,664,21,221,7,35,52,118
성북구,돈암2동,421,190,"2,477",831,"1,646",-,-,-,-,4,12,-,-,-,-,8,27,54,125,103,103,42,110,2,30,5,29,39,176,2,7,2,920,2,68,62,446,27,205,16,62,53,157
성북구,안암동,"1,431",455,"13,406","6,710","6,696",-,-,-,-,78,323,-,-,-,-,33,159,293,"1,093",93,129,436,"1,613",37,263,10,76,54,100,58,"1,040",27,140,1,21,61,"4,764",45,"3,132",61,168,144,385
성북구,보문동,"1,294",424,"5,461","2,796","2,665",-,-,-,-,226,651,1,1,1,18,34,410,258,920,272,320,169,452,10,29,10,151,54,102,33,139,17,841,4,82,35,332,37,734,20,39,113,240
성북구,정릉1동,757,293,"1,976",956,"1,020",-,-,-,-,54,166,-,-,1,2,26,161,124,322,150,173,108,288,5,7,3,24,44,124,9,16,9,13,2,19,68,159,30,305,25,53,99,144
성북구,정릉2동,904,306,"2,961","1,584","1,377",-,-,-,-,33,90,-,-,-,-,17,127,150,509,243,397,136,381,5,17,5,52,56,138,6,11,3,21,2,48,55,336,55,471,33,195,105,168
성북구,정릉3동,717,260,"4,764","2,839","1,925",-,-,-,-,28,107,-,-,-,-,14,39,111,303,163,411,161,457,9,25,2,14,31,123,13,230,3,7,2,22,32,"2,511",23,202,23,62,102,251
성북구,정릉4동,929,331,"4,131","2,385","1,746",-,-,-,-,39,117,1,5,1,2,16,88,159,389,226,984,154,366,7,21,4,32,47,108,10,42,5,41,3,65,55,"1,130",49,425,29,92,124,224
성북구,길음1동,"1,008",460,"3,921","1,465","2,456",-,-,-,-,30,91,-,-,-,-,16,50,195,516,164,200,181,543,2,5,9,83,72,197,9,21,8,202,3,105,104,957,75,633,30,87,110,231
성북구,길음2동,995,429,"4,816","2,013","2,803",-,-,-,-,13,55,-,-,-,-,20,68,295,"1,281",83,115,207,690,10,212,5,12,66,204,17,107,17,385,2,25,62,180,54,986,27,148,117,348
성북구,월곡1동,"1,361",480,"5,403","2,659","2,744",-,-,-,-,159,693,-,-,1,25,30,237,290,820,280,296,158,456,13,157,8,150,57,144,12,494,11,174,2,78,85,592,73,664,35,87,147,336
성북구,월곡2동,"1,558",587,"8,951","4,413","4,538",-,-,-,-,230,925,-,-,1,4,31,143,335,"1,150",150,213,315,968,9,43,9,75,54,126,45,"2,095",20,368,2,23,57,"1,412",66,858,58,186,176,362
성북구,장위1동,911,327,"2,263","1,056","1,207",-,-,-,-,159,607,-,-,-,-,18,67,164,333,198,202,125,256,-,-,4,34,40,50,4,11,3,3,1,23,32,221,26,233,22,39,115,184
성북구,장위2동,"1,106",403,"3,218","1,502","1,716",-,-,-,-,245,959,-,-,2,3,27,108,230,478,172,197,160,330,8,20,8,66,53,67,12,28,8,46,2,83,22,206,36,400,14,22,107,205
성북구,장위3동,597,177,"2,331","1,247","1,084",-,-,-,-,79,394,-,-,1,25,22,92,90,260,149,483,67,201,-,-,1,7,55,112,5,11,4,13,2,49,30,342,24,219,9,23,59,100
성북구,성북동,"1,174",501,"5,315","2,595","2,720",-,-,-,-,39,154,2,2,-,-,29,237,248,811,78,93,228,855,53,520,8,122,62,116,58,353,27,95,4,66,98,867,58,432,35,133,147,459
성북구,삼선동,"1,834",743,"8,921","4,394","4,527",-,-,-,-,84,271,-,-,2,13,42,137,408,"1,348",148,163,446,"1,126",27,109,19,142,80,163,100,351,29,335,6,"1,782",113,"1,792",86,696,75,169,169,324
성북구,동선동,"2,037",838,"9,961","4,329","5,632",-,-,-,-,45,173,-,-,-,-,43,525,417,"1,281",73,216,637,"2,156",25,351,14,96,111,225,43,170,28,741,1,23,148,"2,402",88,710,99,302,265,590
성북구,종암동,"2,034",811,"8,629","4,553","4,076",-,-,-,-,323,979,-,-,-,-,48,433,381,996,289,338,329,954,10,62,11,340,92,"1,208",19,68,19,106,6,634,136,940,95,973,67,216,209,382
성북구,석관동,"2,163",773,"9,984","5,629","4,355",-,-,-,-,266,"1,062",-,-,3,79,89,796,434,"1,544",416,969,363,939,9,29,7,65,104,228,23,183,21,"1,012",3,70,76,"1,694",77,750,60,205,212,359
강북구,소계,"19,014","7,153","73,904","34,134","39,770",-,-,-,-,"1,456","5,864",3,84,8,338,522,"2,198","3,823","10,726","3,108","6,305","3,779","11,090",117,759,282,"3,989",811,"1,876",314,"1,241",222,"3,737",44,"3,108",683,"5,911",816,"10,099",751,"2,125","2,275","4,454"
강북구,번1동,"1,895",741,"9,633","4,014","5,619",-,-,-,-,93,306,-,-,2,75,50,286,411,"1,249",176,346,370,"1,280",18,99,125,"1,880",95,249,74,333,55,805,4,418,52,348,82,"1,245",78,334,210,380
강북구,번2동,640,166,"3,657","2,146","1,511",-,-,-,-,45,299,-,-,1,165,26,130,97,341,221,711,66,142,4,50,1,7,18,53,5,41,9,172,5,482,8,131,32,664,22,138,80,131
강북구,번3동,869,227,"3,147","1,707","1,440",-,-,-,-,50,355,-,-,-,-,13,47,99,370,395,699,87,281,1,5,2,14,29,114,4,22,4,77,2,50,49,251,38,599,23,123,73,140
강북구,수유1동,"1,473",601,"5,349","2,444","2,905",-,-,-,-,131,454,-,-,-,-,32,96,441,"1,037",199,614,264,583,3,4,13,81,54,113,12,47,12,253,3,65,45,675,58,812,47,177,159,338
강북구,수유2동,"1,280",482,"3,797","1,744","2,053",-,-,-,-,119,462,-,-,-,-,56,239,259,647,219,229,185,485,10,46,5,25,56,121,10,21,12,342,2,45,53,141,58,613,43,80,193,301
강북구,수유3동,"2,542","1,053","9,146","4,206","4,940",-,-,-,-,144,521,1,1,-,-,57,229,538,"1,473",174,227,733,"2,305",13,98,50,762,114,252,59,196,32,158,3,"1,086",28,170,97,696,203,413,296,559
강북구,삼양동,"1,059",371,"3,509","1,433","2,076",-,-,-,-,106,414,-,-,-,-,25,97,179,512,251,393,132,275,1,5,5,27,38,87,7,15,2,244,2,57,58,476,64,565,37,97,152,245
강북구,미아동,"1,740",685,"6,824","3,076","3,748",-,-,-,-,160,609,1,82,1,1,45,265,364,"1,002",177,204,368,"1,015",12,49,32,331,91,222,29,101,28,119,5,244,54,"1,121",76,842,68,121,229,496
강북구,송중동,"2,117",822,"8,611","3,470","5,141",-,-,-,-,151,651,-,-,-,-,51,189,465,"1,510",254,297,501,"1,865",22,247,30,689,78,159,38,149,32,549,3,203,79,505,77,877,81,234,255,487
강북구,송천동,"2,041",747,"7,973","3,616","4,357",-,-,-,-,293,"1,212",1,1,1,31,81,243,390,"1,278",230,400,396,"1,024",9,56,8,98,93,202,43,189,19,715,6,259,78,778,82,752,52,135,259,600
강북구,삼각산동,782,337,"2,247",862,"1,385",-,-,-,-,13,48,-,-,-,-,16,28,116,263,179,179,129,312,5,11,3,18,55,138,8,13,4,6,2,54,80,506,65,472,25,61,82,138
강북구,우이동,"1,016",387,"4,252","2,603","1,649",-,-,-,-,40,142,-,-,1,62,18,124,171,436,236,"1,338",314,955,6,13,-,-,36,74,9,34,4,133,2,24,30,227,33,346,31,106,85,238
강북구,인수동,"1,560",534,"5,759","2,813","2,946",-,-,-,-,111,391,-,-,2,4,52,225,293,608,397,668,234,568,13,76,8,57,54,92,16,80,9,164,5,121,69,582,54,"1,616",41,106,202,401
도봉구,소계,"18,628","6,269","72,939","37,598","35,341",1,1,1,1,945,"3,794",4,22,8,94,486,"3,565","3,367","10,797","5,002","9,064","2,814","8,203",81,752,119,"1,107",808,"2,760",337,"1,756",181,"2,030",38,"3,892",926,"7,318",824,"11,538",618,"1,778","2,068","4,467"
도봉구,쌍문1동,913,288,"3,831","1,935","1,896",-,-,-,-,37,137,-,-,-,-,27,117,136,444,298,531,132,370,8,107,3,21,36,82,7,67,7,11,2,52,47,"1,111",40,473,23,101,110,207
도봉구,쌍문2동,"1,280",488,"5,572","2,730","2,842",-,-,-,-,70,330,1,3,-,-,41,312,241,847,252,551,203,662,5,19,6,117,51,424,19,52,15,105,2,56,76,444,76,"1,097",55,154,167,399
도봉구,쌍문3동,966,358,"4,182","1,936","2,246",-,-,-,-,56,228,-,-,1,24,33,259,242,725,138,154,167,525,5,334,7,52,53,105,9,47,13,39,2,55,45,174,41,"1,122",21,53,133,286
도봉구,쌍문4동,611,240,"2,093",938,"1,155",-,-,-,-,8,24,-,-,-,-,15,62,78,214,187,188,55,175,2,4,1,3,30,119,3,6,1,15,1,19,102,888,30,174,17,56,81,146
도봉구,방학1동,"2,350",933,"13,653","7,309","6,344",-,-,-,-,120,510,-,-,1,3,72,514,487,"1,669",349,"1,089",489,"1,468",9,35,18,163,115,327,43,503,26,934,8,"1,903",93,697,110,"2,783",142,286,268,769
도봉구,방학2동,"1,219",416,"2,909","1,431","1,478",-,-,-,-,130,434,-,-,-,-,38,124,289,658,292,299,161,342,3,8,2,13,26,48,4,9,7,65,1,24,38,226,42,389,27,40,159,230
도봉구,방학3동,898,255,"3,169","1,449","1,720",-,-,-,-,17,54,-,-,-,-,20,100,104,328,381,603,94,326,-,-,4,35,43,156,7,21,3,8,2,58,65,469,59,798,23,68,76,145
도봉구,창1동,"1,538",424,"3,958","2,076","1,882",-,-,-,-,27,109,-,-,1,4,33,170,189,569,711,756,182,577,13,122,4,105,64,176,10,36,8,20,2,49,54,492,60,406,38,135,142,232
도봉구,창2동,"1,410",503,"4,428","2,396","2,032",-,-,-,-,172,880,-,-,1,3,32,138,277,847,338,554,177,425,2,6,2,16,59,145,8,39,11,68,2,57,59,262,50,550,42,133,178,305
도봉구,창3동,915,329,"2,170","1,012","1,158",-,-,-,-,74,258,1,17,-,-,30,83,194,459,218,219,147,309,1,1,2,13,32,75,7,11,4,15,1,20,26,169,41,328,27,40,110,153
도봉구,창4동,"1,319",439,"7,530","3,988","3,542",-,-,-,-,18,60,-,-,1,9,36,"1,103",266,"1,360",238,649,197,677,18,57,41,401,74,238,67,368,27,268,4,543,100,777,65,405,49,322,118,293
도봉구,창5동,"2,157",540,"7,359","3,642","3,717",-,-,1,1,51,219,2,2,-,-,28,199,265,984,917,"1,187",271,"1,020",5,22,10,66,86,234,27,117,19,85,3,188,134,828,89,"1,398",63,174,186,635
도봉구,도봉1동,"1,626",579,"5,766","3,373","2,393",1,1,-,-,120,442,-,-,2,48,49,256,359,962,299,"1,372",336,829,6,19,8,38,62,115,18,72,11,37,4,101,34,414,56,595,60,123,201,342
도봉구,도봉2동,"1,426",477,"6,319","3,383","2,936",-,-,-,-,45,109,-,-,1,3,32,128,240,731,384,912,203,498,4,18,11,64,77,516,108,408,29,360,4,767,53,367,65,"1,020",31,93,139,325
노원구,소계,"26,618","9,576","116,684","54,993","61,691",1,1,-,-,797,"3,533",8,288,19,234,552,"2,508","4,965","15,458","6,564","11,955","4,278","14,520",167,"1,082",230,"3,788","1,228","4,465",454,"2,771",291,"4,375",39,"3,533","1,936","20,143","1,445","19,452",987,"3,200","2,657","5,378"
노원구,월계1동,"1,466",521,"6,721","3,998","2,723",-,-,-,-,77,352,3,3,2,3,34,173,247,608,253,924,349,968,10,31,4,34,70,445,23,194,17,38,1,20,65,"1,473",69,889,87,223,155,343
노원구,월계2동,930,237,"3,255","1,684","1,571",-,-,-,-,26,160,-,-,-,-,17,55,104,281,464,564,82,204,8,14,1,3,34,136,5,56,6,40,2,55,56,"1,147",39,361,10,59,76,120
노원구,월계3동,996,323,"4,143","2,192","1,951",-,-,-,-,8,27,-,-,1,11,8,48,163,933,419,"1,074",94,331,8,32,3,33,50,225,15,105,8,47,2,86,54,421,67,573,17,49,79,148
노원구,공릉2동,"1,955",650,"11,629","5,849","5,780",1,1,-,-,68,493,-,-,-,-,26,116,259,722,511,867,379,"1,264",29,124,9,63,99,352,42,555,18,222,2,29,156,"4,112",78,"1,877",93,477,185,355
노원구,하계1동,"1,088",412,"7,931","3,841","4,090",-,-,-,-,51,397,-,-,-,-,29,173,283,"1,061",161,616,188,753,4,12,6,40,49,232,19,172,17,291,3,602,80,"1,206",49,"1,808",30,232,119,336
노원구,하계2동,414,130,"1,220",476,744,-,-,-,-,6,13,-,-,-,-,11,24,38,112,184,195,35,91,1,1,2,13,25,84,3,6,1,1,1,22,36,381,25,187,5,14,41,76
노원구,중계본동,"1,205",471,"5,602","2,620","2,982",-,-,-,-,40,188,-,-,-,-,19,29,161,494,201,302,189,591,3,261,5,32,58,236,16,39,10,660,1,29,259,"1,810",51,437,69,275,123,219
노원구,중계1동,"1,050",441,"4,205","1,881","2,324",-,-,-,-,6,13,-,-,-,-,14,51,175,580,170,171,142,562,1,4,5,55,69,236,9,17,8,19,2,70,255,"1,732",48,260,43,205,103,230
노원구,중계4동,"1,059",430,"3,923","1,649","2,274",-,-,-,-,13,35,-,-,-,-,18,87,191,578,218,269,237,725,1,1,5,49,49,172,9,15,11,37,1,24,72,774,61,786,70,167,103,204
노원구,상계1동,"3,183",727,"9,518","5,157","4,361",-,-,-,-,61,210,-,-,6,30,56,380,363,"1,418","1,616","2,116",357,"1,230",11,65,8,45,107,287,45,277,27,627,3,89,113,710,102,"1,394",84,164,224,476
노원구,상계2동,"2,668","1,195","10,536","4,320","6,216",-,-,-,-,76,253,-,-,3,20,47,229,867,"2,528",174,436,663,"2,666",9,63,12,169,112,319,27,137,35,275,2,64,106,677,109,"1,573",144,392,282,735
노원구,상계5동,"1,567",625,"4,936","2,316","2,620",-,-,-,-,105,425,-,-,2,2,60,190,329,765,210,312,241,528,10,27,11,48,67,166,32,108,35,575,1,24,91,272,80,"1,011",62,122,231,361
노원구,상계8동,484,227,"1,697",582,"1,115",-,-,-,-,5,10,-,-,-,-,10,25,76,178,94,95,62,156,1,2,4,40,25,108,2,4,1,1,1,16,65,533,72,402,20,50,46,77
노원구,상계9동,698,261,"2,520","1,060","1,460",-,-,-,-,6,11,-,-,-,-,10,16,106,355,254,263,62,217,-,-,5,52,32,153,3,5,2,5,2,63,83,859,60,390,13,39,60,92
노원구,상계10동,515,154,"2,188","1,260",928,-,-,-,-,2,4,-,-,1,27,8,20,66,164,207,770,32,97,4,21,6,63,19,118,12,29,10,23,2,86,47,409,29,206,18,56,52,95
노원구,상계3.4동,"1,196",429,"3,787","2,216","1,571",-,-,-,-,55,224,-,-,-,-,28,100,198,485,329,"1,252",180,354,6,20,2,7,56,101,12,26,8,53,3,101,55,255,59,468,41,76,164,265
노원구,상계6.7동,"1,921",738,"15,772","5,810","9,962",-,-,-,-,23,45,5,285,1,67,34,146,283,"1,132",280,327,317,"1,555",12,60,113,"2,761",133,562,48,197,19,205,5,"1,939",170,"1,700",227,"4,174",67,211,184,406
노원구,중계2.3동,"1,382",597,"5,153","2,081","3,072",-,-,-,-,26,100,-,-,-,-,13,25,466,"1,291",329,345,168,715,5,93,6,35,44,224,14,33,9,69,2,97,67,889,87,832,23,170,123,235
노원구,공릉1동,"2,841","1,008","11,948","6,001","5,947",-,-,-,-,143,573,-,-,3,74,110,621,590,"1,773",490,"1,057",501,"1,513",44,251,23,246,130,309,118,796,49,"1,187",3,117,106,783,133,"1,824",91,219,307,605
은평구,소계,"24,681","9,535","93,631","43,830","49,801",-,-,-,-,868,"2,964",4,162,14,240,611,"4,405","4,815","15,220","5,172","8,809","4,331","12,965",147,"1,223",153,"2,027","1,492","3,342",379,"1,894",224,"1,597",52,"3,812","1,435","10,374","1,198","16,423",842,"2,515","2,944","5,659"
은평구,녹번동,"1,962",694,"9,531","4,653","4,878",-,-,-,-,83,292,2,95,2,38,64,499,294,"1,687",431,464,271,833,41,154,8,56,121,293,88,354,32,270,7,"1,517",112,716,86,"1,494",65,202,255,567
은평구,불광1동,"1,627",694,"7,034","2,592","4,442",-,-,-,-,42,125,-,-,-,-,31,101,285,926,274,306,310,925,1,3,35,916,125,336,21,404,16,173,3,547,98,544,111,"1,050",62,197,213,481
은평구,갈현1동,"1,498",576,"4,881","2,198","2,683",-,-,-,-,55,142,-,-,-,-,31,116,261,755,187,215,392,"1,195",7,19,16,236,85,194,20,194,11,26,3,36,71,270,78,941,97,175,184,367
은평구,갈현2동,"1,579",640,"5,985","2,472","3,513",-,-,-,-,60,153,-,-,-,-,34,169,331,"1,060",229,237,350,"1,056",3,14,5,50,69,114,14,86,10,19,2,88,149,"1,355",57,"1,045",76,176,190,363
은평구,구산동,"1,216",410,"5,509","2,544","2,965",-,-,-,-,47,244,-,-,-,-,21,92,171,441,404,930,134,368,3,5,2,10,61,130,14,33,5,166,2,33,91,947,74,"1,695",21,123,166,292
은평구,대조동,"2,430","1,156","7,864","3,357","4,507",-,-,-,-,69,193,-,-,-,-,43,270,761,"2,077",219,249,540,"1,625",17,153,13,173,156,284,25,67,26,99,4,340,92,554,139,"1,157",74,198,252,425
은평구,응암1동,"1,661",673,"7,831","3,748","4,083",-,-,-,-,68,296,1,58,1,13,64,"1,023",362,"1,452",220,234,266,899,13,245,13,99,136,292,58,228,22,220,3,215,91,641,100,"1,401",57,150,186,365
은평구,응암2동,707,300,"2,102",886,"1,216",-,-,-,-,31,69,-,-,-,-,11,27,99,237,162,174,104,246,4,17,4,52,68,114,7,12,6,20,2,57,55,255,38,612,22,42,94,168
은평구,신사1동,"1,347",491,"4,066","2,093","1,973",-,-,-,-,57,221,-,-,1,1,42,400,248,608,328,419,177,506,9,93,6,40,80,172,19,50,15,91,2,25,67,388,67,679,56,113,173,260
은평구,신사2동,"1,704",285,"3,716","2,345","1,371",-,-,-,-,28,82,-,-,1,36,27,131,134,435,"1,127","1,374",91,206,7,22,1,5,45,99,6,16,9,52,2,78,68,580,39,401,11,39,108,160
은평구,증산동,945,361,"3,619","2,169","1,450",-,-,-,-,44,173,-,-,1,13,42,358,191,560,209,857,148,363,8,159,3,37,64,124,9,31,14,97,2,29,40,291,42,270,31,90,97,167
은평구,수색동,514,171,"2,264","1,483",781,-,-,-,-,31,65,1,9,2,44,8,34,124,432,101,788,92,234,1,5,4,36,56,127,2,18,6,38,3,52,13,95,19,165,9,15,42,107
은평구,진관동,"1,894",811,"12,366","5,292","7,074",-,-,-,-,29,138,-,-,2,62,20,79,390,"1,494",277,"1,438",382,"1,816",7,252,12,97,161,593,26,196,14,45,7,306,192,"1,869",116,"2,893",60,586,199,502
은평구,불광2동,"1,295",549,"3,943","1,860","2,083",-,-,-,-,44,126,-,-,1,1,31,111,307,762,249,256,220,527,6,25,12,64,66,135,15,48,6,15,4,366,67,668,50,443,26,49,191,347
은평구,응암3동,"1,768",754,"5,142","2,408","2,734",-,-,-,-,73,241,-,-,-,-,38,372,406,906,237,257,432,"1,078",1,3,7,66,69,125,15,34,13,45,2,29,74,614,82,780,88,171,231,421
은평구,역촌동,"2,534",970,"7,778","3,730","4,048",-,-,-,-,107,404,-,-,3,32,104,623,451,"1,388",518,611,422,"1,088",19,54,12,90,130,210,40,123,19,221,4,94,155,587,100,"1,397",87,189,363,667
서대문구,소계,"20,095","7,500","113,819","55,966","57,853",1,1,-,-,666,"2,537",4,54,12,561,510,"4,044","4,127","13,468","2,981","5,480","4,321","14,232",476,"3,355",184,"5,512","1,071","2,746",655,"6,567",424,"6,528",43,"5,155","1,116","20,503",778,"16,484",585,"1,824","2,141","4,768"
서대문구,천연동,915,395,"3,069","1,488","1,581",-,-,-,-,50,130,-,-,-,-,20,108,212,476,76,99,193,467,20,240,6,32,49,113,16,39,15,65,3,110,67,556,55,386,24,100,109,148
서대문구,홍제1동,"1,154",458,"4,827","2,514","2,313",-,-,-,-,35,161,-,-,-,-,42,839,233,704,167,253,195,550,19,34,5,114,74,223,31,73,22,43,2,47,87,940,68,539,32,71,142,236
서대문구,홍제3동,"1,157",478,"3,687","1,543","2,144",-,-,-,-,45,147,-,-,-,-,30,72,315,658,144,157,225,557,10,72,7,70,44,103,20,43,7,180,1,19,71,457,70,857,36,62,132,233
서대문구,홍제2동,594,263,"1,699",826,873,-,-,-,-,20,90,-,-,1,138,13,30,103,259,73,73,88,245,9,29,3,13,52,122,25,90,2,5,1,17,57,146,29,195,27,82,91,165
서대문구,홍은1동,999,382,"2,658","1,217","1,441",-,-,-,-,35,92,1,49,1,2,31,67,231,511,185,258,142,346,21,78,4,20,51,97,22,56,10,31,3,78,65,271,35,420,22,78,140,204
서대문구,홍은2동,"1,219",402,"5,414","2,843","2,571",-,-,-,-,36,158,-,-,1,19,39,136,214,538,264,625,237,908,25,115,4,27,51,97,26,55,16,51,2,53,90,"1,588",48,642,46,126,120,276
서대문구,남가좌1동,691,307,"2,204",792,"1,412",-,-,-,-,21,76,-,-,-,-,6,24,188,493,82,91,157,414,8,13,6,56,36,97,15,35,14,36,1,18,35,225,50,487,19,48,53,91
서대문구,남가좌2동,"1,310",530,"5,271","2,559","2,712",-,-,-,-,45,150,-,-,3,86,38,134,270,650,201,210,277,761,21,63,8,59,75,134,15,31,15,102,2,57,90,"1,978",62,464,48,131,140,261
서대문구,북가좌1동,681,225,"3,173","1,966","1,207",-,-,-,-,15,65,-,-,-,-,24,125,121,369,194,"1,040",66,172,17,58,7,35,47,203,9,21,6,14,1,19,58,519,40,322,11,59,65,152
서대문구,북가좌2동,"2,443",646,"6,752","3,795","2,957",-,-,-,-,86,308,-,-,3,17,83,514,307,688,"1,051","1,465",258,621,27,137,10,77,103,251,31,62,23,"1,060",4,97,116,332,72,660,53,104,216,359
서대문구,충현동,"1,817",600,"24,246","13,980","10,266",-,-,-,-,53,280,-,-,2,276,47,"1,180",340,"2,843",133,452,428,"1,315",90,"1,304",70,"4,578",90,393,106,"2,573",105,"3,196",8,"2,900",63,"1,660",49,427,37,88,196,781
서대문구,북아현동,862,348,"2,420","1,119","1,301",-,-,-,-,89,293,-,-,-,-,17,47,219,464,82,85,116,280,13,16,5,44,94,174,18,60,27,47,3,81,31,308,43,293,17,61,88,167
서대문구,신촌동,"3,901","1,563","37,647","15,776","21,871",-,-,-,-,54,224,1,2,-,-,31,138,812,"2,867",74,204,"1,465","6,061",135,896,38,276,175,489,167,"2,956",115,"1,414",6,308,189,"10,292",86,"9,739",158,554,395,"1,227"
서대문구,연희동,"2,352",903,"10,752","5,548","5,204",1,1,-,-,82,363,2,3,1,23,89,630,562,"1,948",255,468,474,"1,535",61,300,11,111,130,250,154,473,47,284,6,"1,351",97,"1,231",71,"1,053",55,260,254,468
마포구,소계,"37,290","12,919","247,276","132,558","114,718",-,-,-,-,"1,226","5,218",11,485,30,361,977,"13,648","7,709","34,878","2,914","10,892","8,616","29,425","2,302","36,841",495,"10,060","2,073","5,976","2,572","20,235","1,049","33,887",57,"4,909","1,842","15,202","1,227","10,843","1,074","4,607","3,116","9,809"
마포구,용강동,"2,566",803,"18,813","10,218","8,595",-,-,-,-,65,204,2,89,2,15,70,964,627,"3,880",200,"1,161",380,"1,500",189,"1,054",45,651,161,650,220,"1,248",138,"4,935",5,306,130,786,62,421,68,178,202,771
마포구,대흥동,"1,571",570,"10,097","4,963","5,134",-,-,-,-,56,173,-,-,-,-,21,81,265,"1,046",70,141,383,"1,125",46,374,37,626,144,330,70,483,42,975,2,27,133,"2,992",94,652,47,457,161,615
마포구,염리동,726,282,"4,383","2,288","2,095",-,-,-,-,24,93,-,-,1,2,14,54,129,557,52,508,183,605,26,524,10,131,52,135,26,120,22,633,2,33,60,605,24,174,17,41,84,168
마포구,신수동,"1,209",393,"5,549","2,873","2,676",-,-,-,-,53,236,-,-,2,3,46,399,276,942,133,505,175,484,83,279,7,87,92,182,89,361,32,296,3,378,63,541,36,571,22,73,97,212
마포구,서교동,"9,552","3,210","57,173","27,784","29,389",-,-,-,-,188,"1,076",3,12,3,74,171,"2,347","2,095","10,201",275,"1,727","2,658","10,133",716,"6,464",135,"2,716",474,"1,226",816,"5,220",282,"7,834",7,179,400,"2,521",226,"1,759",380,"1,417",723,"2,267"
마포구,합정동,"2,397",848,"11,154","5,723","5,431",-,-,-,-,74,265,-,-,3,48,110,"1,192",479,"1,697",151,582,557,"1,842",212,863,31,850,113,228,228,"1,339",55,644,1,21,84,410,57,586,59,136,183,451
마포구,망원1동,"1,899",613,"5,293","2,840","2,453",-,-,-,-,82,250,-,-,1,2,37,322,360,999,460,594,429,"1,162",37,194,11,87,81,132,61,221,18,120,3,94,47,132,73,575,58,176,141,233
마포구,망원2동,"1,348",540,"4,505","2,412","2,093",-,-,-,-,68,187,-,-,1,4,73,405,262,808,188,514,243,632,40,231,7,25,73,157,49,157,23,179,2,21,85,381,43,296,41,133,150,375
마포구,연남동,"1,915",735,"6,911","3,739","3,172",-,-,-,-,49,186,-,-,-,-,47,485,332,"1,132",94,197,784,"2,091",97,550,3,20,74,127,127,608,41,568,2,61,60,379,28,188,37,73,140,246
마포구,성산1동,"1,534",473,"11,155","7,827","3,328",-,-,-,-,53,239,-,-,3,90,93,"2,865",331,"1,327",160,435,225,691,118,659,10,51,63,92,135,"1,117",45,"2,085",2,23,72,639,40,317,43,159,141,366
마포구,성산2동,"1,757",649,"11,682","5,743","5,939",-,-,-,-,32,98,-,-,3,14,59,570,469,"1,415",301,537,259,683,25,96,6,40,100,230,45,224,19,"3,383",5,"1,387",126,843,83,993,36,481,189,688
마포구,상암동,"2,531",874,"41,880","24,473","17,407",-,-,-,-,37,452,2,96,4,87,46,421,350,"4,490",215,"1,841",696,"2,694",370,"20,993",27,733,135,787,134,"3,092",52,"1,290",7,733,141,"1,367",106,"1,062",70,656,139,"1,086"
마포구,도화동,"2,082",697,"16,774","9,047","7,727",-,-,-,-,41,364,1,1,1,4,58,701,443,"1,871",172,"1,045",401,"1,796",109,"1,578",61,836,113,613,149,"1,645",81,"3,988",3,190,107,527,101,882,57,150,184,583
마포구,서강동,"1,828",653,"12,774","6,858","5,916",-,-,-,-,44,150,3,287,2,4,39,751,341,"1,537",104,342,537,"1,715",82,664,12,226,120,228,112,600,32,"2,974",2,71,130,"2,045",47,566,52,202,169,412
마포구,공덕동,"2,756",981,"18,197","9,899","8,298",-,-,-,-,288,"1,029",-,-,3,12,66,"1,795",547,"1,921",231,421,471,"1,442",83,"1,536",55,"1,692",163,532,206,"1,477",86,"2,855",7,843,115,520,113,"1,173",57,161,265,788
마포구,아현동,"1,619",598,"10,936","5,871","5,065",-,-,-,-,72,216,-,-,1,2,27,296,403,"1,055",108,342,235,830,69,782,38,"1,289",115,327,105,"2,323",81,"1,128",4,542,89,514,94,628,30,114,148,548
양천구,소계,"25,894","9,745","121,582","63,099","58,483",-,-,-,-,"1,075","4,524",2,268,21,469,809,"8,832","5,087","17,160","5,017","12,291","3,618","12,352",261,"4,869",205,"2,252","1,334","3,730",705,"3,207",330,"4,751",49,"6,768","2,385","15,334","1,224","15,435",981,"3,313","2,791","6,027"
양천구,목1동,"2,872","1,196","21,666","10,760","10,906",-,-,-,-,37,106,-,-,3,18,51,841,890,"4,083",95,255,555,"3,178",112,"3,896",66,897,127,497,114,702,61,"1,374",4,430,277,"2,442",139,"1,424",107,490,234,"1,033"
양천구,목2동,"1,196",476,"4,523","2,369","2,154",-,-,-,-,23,75,-,-,-,-,57,506,248,958,186,242,182,577,21,125,6,71,83,242,31,86,15,125,1,24,82,344,57,507,53,200,151,441
양천구,목3동,"1,282",566,"4,740","2,198","2,542",-,-,-,-,39,123,-,-,1,11,43,292,292,977,163,195,210,623,12,35,8,89,66,163,33,191,22,615,2,73,66,271,91,582,60,153,174,347
양천구,목4동,"1,347",597,"3,945","1,819","2,126",-,-,-,-,58,139,-,-,3,66,41,175,285,765,160,192,252,660,5,29,5,54,61,103,13,30,7,46,1,19,117,645,74,506,57,156,208,360
양천구,신월1동,"1,765",674,"5,183","2,828","2,355",-,-,-,-,196,811,-,-,1,35,72,465,438,"1,145",327,634,266,572,2,6,4,35,58,103,14,30,14,66,2,65,42,198,66,607,60,111,203,300
양천구,신월2동,"1,175",379,"3,943","2,104","1,839",-,-,-,-,95,401,-,-,2,13,60,451,217,636,347,536,100,270,5,22,3,24,66,130,12,38,16,95,1,24,62,496,56,558,25,59,108,190
양천구,신월3동,958,297,"4,019","2,356","1,663",-,-,-,-,72,466,-,-,-,-,42,234,229,646,274,901,106,263,3,8,10,37,17,28,7,89,8,15,2,76,29,600,42,411,26,93,91,152
양천구,신월4동,"1,166",388,"4,255","2,441","1,814",-,-,-,-,45,221,-,-,1,7,39,345,178,502,354,"1,038",173,441,2,12,7,50,54,139,10,32,16,104,1,19,67,323,53,738,31,66,135,218
양천구,신월5동,994,353,"4,849","2,881","1,968",-,-,-,-,93,412,-,-,-,-,49,478,201,639,192,352,150,382,1,1,1,8,29,37,12,90,16,725,4,632,47,387,34,406,42,86,123,214
양천구,신월6동,"1,336",178,"3,129","2,218",911,-,-,-,-,21,86,-,-,2,40,18,162,100,337,959,"1,474",56,174,2,26,3,33,45,81,5,26,7,47,1,19,13,228,32,232,23,49,49,115
양천구,신월7동,"1,324",453,"5,406","3,493","1,913",-,-,-,-,104,411,-,-,2,25,45,254,231,630,381,"1,258",156,338,4,5,2,23,50,105,13,43,12,32,4,996,52,293,55,592,50,175,163,226
양천구,신정1동,"1,175",569,"5,322","2,467","2,855",-,-,-,-,40,118,-,-,-,-,35,206,202,736,51,54,235,712,10,31,7,58,78,274,69,263,16,119,4,973,147,679,68,611,57,162,156,326
양천구,신정2동,"1,091",473,"3,806","1,703","2,103",-,-,-,-,31,85,-,-,-,-,35,137,204,591,100,119,158,554,3,6,4,50,72,218,35,122,12,26,1,20,181,"1,100",49,373,63,137,143,268
양천구,신정3동,"1,814",560,"9,284","5,308","3,976",-,-,-,-,40,339,-,-,-,-,34,815,208,790,742,"2,569",154,496,15,153,7,106,105,338,24,114,19,194,4,123,138,"1,222",105,"1,468",62,205,157,352
양천구,신정6동,714,325,"6,916","3,189","3,727",-,-,-,-,8,77,1,85,1,160,18,178,100,291,52,54,68,309,2,2,9,118,65,247,40,140,3,96,7,"3,026",218,"1,235",26,410,27,332,69,156
양천구,신정7동,"1,030",396,"4,457","2,348","2,109",-,-,-,-,23,66,-,-,1,2,17,75,154,519,233,"1,037",134,415,4,7,6,54,56,171,14,55,9,64,5,81,135,"1,007",64,418,52,205,123,281
양천구,목5동,"1,565",727,"10,700","4,262","6,438",-,-,-,-,17,43,1,183,2,66,38,502,242,795,51,57,181,822,19,351,15,225,131,492,25,242,13,198,3,90,551,"2,806",68,"3,187",55,289,153,352
양천구,신정4동,"3,090","1,138","15,439","8,355","7,084",-,-,-,-,133,545,-,-,2,26,115,"2,716",668,"2,120",350,"1,324",482,"1,566",39,154,42,320,171,362,234,914,64,810,2,78,161,"1,058",145,"2,405",131,345,351,696
강서구,소계,"39,458","13,619","257,494","142,209","115,285",1,29,1,1,"1,275","7,317",10,515,45,696,"1,258","15,605","9,209","37,437","7,280","50,974","6,106","22,192",906,"11,620",362,"4,682","2,154","8,781","1,393","25,339",765,"17,798",58,"3,971","1,870","14,191","1,646","22,593","1,266","4,083","3,853","9,670"
강서구,염창동,"2,170",744,"17,152","10,246","6,906",-,-,-,-,95,629,1,361,4,21,107,"2,335",472,"2,522",298,"1,443",264,"1,085",85,"1,947",23,223,173,541,66,"1,007",33,"1,635",2,65,169,995,89,"1,429",84,255,205,659
강서구,등촌1동,"1,812",630,"15,763","9,156","6,607",-,-,1,1,68,651,-,-,1,5,67,"1,287",454,"2,068",212,"2,755",310,"1,173",69,890,14,212,124,353,83,"2,369",36,840,4,421,57,395,75,"1,073",54,193,183,"1,077"
강서구,등촌2동,737,255,"3,541","1,770","1,771",-,-,-,-,33,193,-,-,-,-,23,129,141,811,156,313,107,296,9,62,3,35,42,101,12,40,11,82,4,128,50,652,30,327,23,94,93,278
강서구,등촌3동,"2,533",957,"19,252","8,839","10,413",-,-,-,-,50,335,-,-,1,15,70,811,774,"3,255",345,864,347,"1,683",51,701,27,554,138,555,81,453,61,"4,125",2,106,165,"1,625",129,"3,102",79,320,213,748
강서구,화곡본동,"1,389",539,"4,179","1,763","2,416",-,-,-,-,41,127,1,1,1,2,28,159,273,723,295,302,263,658,6,23,6,67,68,137,18,54,15,77,3,126,79,429,87,956,44,93,161,245
강서구,화곡2동,855,301,"2,732","1,405","1,327",-,-,-,-,33,123,-,-,-,-,22,116,292,"1,046",185,196,70,167,3,8,2,4,30,47,3,4,6,60,1,21,55,272,31,453,23,56,99,159
강서구,화곡3동,"1,222",521,"4,170","1,790","2,380",-,-,-,-,37,120,-,-,-,-,38,268,207,602,176,188,253,836,3,10,9,88,64,186,29,85,16,62,2,48,95,339,65,726,65,206,163,406
강서구,화곡4동,"1,469",560,"3,988","1,955","2,033",-,-,-,-,73,227,-,-,2,18,45,198,403,"1,038",225,315,256,627,9,16,5,49,55,91,22,51,10,28,2,75,56,427,53,424,66,113,187,291
강서구,화곡6동,"1,749",657,"10,847","6,098","4,749",-,-,-,-,52,279,-,-,3,22,57,884,297,"1,127",211,971,457,"1,513",23,106,26,439,100,281,88,463,29,904,4,"1,207",59,993,70,957,95,309,178,392
강서구,화곡8동,"1,275",527,"4,167","1,733","2,434",-,-,-,-,35,85,-,-,1,1,20,63,315,858,224,274,221,605,9,126,6,54,80,143,14,77,14,174,1,26,43,154,71,"1,151",39,101,182,275
강서구,가양1동,"5,790","1,774","56,353","36,977","19,376",-,-,-,-,166,"1,663",4,38,7,324,214,"2,758","1,378","7,804",482,"3,988","1,051","4,461",386,"5,511",132,"1,686",392,"3,666",537,"18,126",217,"2,317",1,24,135,868,136,"1,253",145,726,407,"1,140"
강서구,가양2동,633,207,"3,383","1,737","1,646",-,-,-,-,12,111,1,3,-,-,9,62,147,511,111,133,68,220,12,33,9,60,42,187,23,92,17,407,2,63,16,249,63,880,19,93,82,279
강서구,가양3동,904,190,"7,374","4,533","2,841",-,-,-,-,59,669,-,-,1,3,28,912,222,"1,735",253,796,47,186,49,508,1,1,41,160,56,627,18,278,3,519,37,383,29,384,6,45,54,168
강서구,발산1동,"3,375","1,062","19,865","10,650","9,215",-,-,-,-,93,368,-,-,8,99,91,"1,382","1,172","5,020",449,"2,036",346,"1,521",106,834,39,582,175,513,152,698,79,634,4,193,221,"2,016",148,"3,047",61,276,231,646
강서구,공항동,"2,040",696,"36,149","17,930","18,219",1,29,-,-,64,415,-,-,3,30,80,677,482,"1,424",462,"27,048",340,"1,367",18,102,11,116,83,260,33,131,44,"1,829",9,514,70,629,70,919,67,210,203,449
강서구,방화1동,"2,621",975,"11,003","5,229","5,774",-,-,-,-,75,305,-,-,1,4,72,465,528,"1,489",542,"1,436",365,"1,079",14,116,12,177,148,472,63,237,46,"1,191",1,33,189,"1,311",146,"1,737",101,298,318,653
강서구,방화2동,"3,279",868,"14,018","8,510","5,508",-,-,-,-,62,236,-,-,5,91,85,994,673,"2,300","1,590","5,760",330,"1,576",13,163,8,60,82,204,21,173,27,706,6,194,46,284,60,746,62,147,209,384
강서구,방화3동,893,263,"4,698","2,571","2,127",-,-,-,-,14,50,1,5,5,58,23,128,136,408,322,"1,170",97,316,14,47,7,79,51,254,22,371,13,521,3,94,42,540,36,369,13,56,94,232
강서구,화곡1동,"3,048","1,182","10,879","5,847","5,032",-,-,-,-,178,581,1,1,1,1,124,"1,241",566,"1,617",465,652,695,"2,114",18,379,11,83,150,336,41,120,42,977,3,86,79,511,139,"1,257",153,280,382,643
강서구,우장산동,"1,664",711,"7,981","3,470","4,511",-,-,-,-,35,150,1,106,1,2,55,736,277,"1,079",277,334,219,709,9,38,11,113,116,294,29,161,31,951,1,28,207,"1,119",119,"1,403",67,212,209,546
구로구,소계,"38,756","11,511","225,668","128,722","96,946",1,20,1,1,"3,609","18,469",9,129,23,446,"1,061","13,365","11,694","39,383","4,907","9,242","4,726","15,112","2,165","30,396",523,"8,459","1,541","4,573","1,642","15,569",744,"28,314",45,"3,932","1,275","11,778","1,152","15,997",972,"2,943","2,666","7,540"
구로구,신도림동,"2,784",908,"15,121","7,402","7,719",-,-,-,-,693,"2,132",-,-,2,13,54,636,677,"2,820",188,313,311,"1,876",62,372,57,"1,090",114,450,84,742,44,"1,861",4,55,157,"1,289",107,765,62,246,168,461
구로구,구로1동,728,273,"3,603","1,872","1,731",-,-,-,-,36,183,-,-,1,2,19,564,108,325,185,383,82,245,11,21,2,19,49,194,11,32,14,592,2,31,58,439,43,267,29,101,78,205
구로구,구로3동,"7,883","1,808","92,379","56,470","35,909",1,20,1,1,790,"8,998",7,34,6,150,176,"4,380","1,700","10,187",179,926,816,"3,710","1,746","27,987",193,"2,680",417,"1,379",925,"11,107",253,"14,570",5,328,191,"2,648",102,"1,130",131,556,244,"1,588"
구로구,구로4동,"2,133",992,"6,044","2,684","3,360",-,-,-,-,66,153,-,-,3,125,35,185,603,"1,358",170,271,453,"1,019",33,110,40,168,89,234,76,270,77,222,3,88,63,345,104,986,94,169,224,341
구로구,구로5동,"4,477","1,129","26,529","14,901","11,628",-,-,-,-,124,508,-,-,1,2,140,"2,975","1,097","3,323","1,361","2,364",523,"1,585",144,924,99,"3,621",169,505,169,"1,869",89,"4,422",4,117,99,687,106,"2,252",111,367,241,"1,008"
구로구,고척1동,"2,541",725,"10,116","5,766","4,350",-,-,-,-,571,"1,430",2,95,2,7,147,888,726,"1,844",257,440,295,985,14,35,10,176,67,217,28,118,22,554,3,203,71,970,75,"1,380",88,442,163,332
구로구,고척2동,"1,460",557,"4,177","2,012","2,165",-,-,-,-,93,295,-,-,-,-,50,294,344,787,289,340,199,490,5,8,5,39,63,156,7,29,15,49,3,96,86,543,71,624,44,146,186,281
구로구,개봉2동,"1,212",453,"3,361","1,504","1,857",-,-,-,-,33,92,-,-,2,44,38,258,185,472,309,313,166,481,9,21,8,67,68,158,8,13,6,29,1,42,89,291,79,709,40,98,171,273
구로구,개봉3동,"1,020",387,"7,391","4,105","3,286",-,-,-,-,54,203,-,-,-,-,36,251,186,673,230,261,155,325,2,24,5,36,49,92,12,33,11,"4,336",2,29,63,469,41,350,28,74,146,235
구로구,오류1동,"1,187",463,"4,795","2,314","2,481",-,-,-,-,23,124,-,-,-,-,35,453,271,693,187,247,219,642,15,73,12,93,64,241,30,107,28,701,2,59,48,249,73,744,50,100,130,269
구로구,오류2동,"1,729",596,"9,157","5,208","3,949",-,-,-,-,54,298,-,-,1,12,36,343,296,"1,084",506,"1,411",212,632,11,385,11,55,98,285,30,116,25,226,4,927,144,"1,705",100,951,39,113,162,614
구로구,수궁동,"1,258",370,"6,199","3,773","2,426",-,-,-,-,152,"1,196",-,-,2,9,43,372,209,790,324,811,151,345,10,38,7,38,47,109,20,124,7,22,4,191,64,"1,184",49,568,43,89,126,313
구로구,가리봉동,993,451,"3,179","1,252","1,927",-,-,-,-,44,123,-,-,-,-,21,138,238,518,72,79,266,519,8,34,19,62,28,54,27,49,33,104,2,58,17,119,27,920,78,146,113,256
구로구,구로2동,"7,653","1,742","28,133","16,911","11,222",-,-,-,-,793,"2,446",-,-,2,47,172,"1,328","4,682","13,438",321,578,586,"1,506",90,345,49,256,148,360,192,828,97,521,4,"1,682",50,386,104,"3,359",83,174,280,879
구로구,개봉1동,"1,698",657,"5,484","2,548","2,936",-,-,-,-,83,288,-,-,1,35,59,300,372,"1,071",329,505,292,752,5,19,6,59,71,139,23,132,23,105,2,26,75,454,71,992,52,122,234,485
금천구,소계,"33,814","9,359","242,686","150,589","92,097",-,-,-,-,"5,401","40,538",11,89,28,286,"1,141","16,576","9,264","41,416","2,903","8,999","3,435","10,808","2,902","39,393",257,"2,437","1,218","3,401","2,482","31,136",738,"23,836",34,"2,379",732,"6,310",713,"7,989",599,"1,584","1,956","5,509"
금천구,가산동,"16,661","3,716","170,886","110,573","60,313",-,-,-,-,"2,922","28,075",6,10,6,49,466,"12,051","4,602","27,453",546,"3,638","1,217","4,866","2,753","38,636",170,"1,627",611,"1,975","2,072","27,911",496,"18,782",7,135,204,"2,190",113,"1,091",127,454,343,"1,943"
금천구,독산1동,"4,037","1,247","25,241","15,084","10,157",-,-,-,-,939,"7,517",2,76,4,81,105,"1,173",984,"4,562",415,"1,894",460,"1,538",85,567,25,324,182,557,151,"2,094",69,751,4,90,108,854,114,"1,715",94,269,296,"1,179"
금천구,독산2동,"1,154",438,"3,514","1,832","1,682",-,-,-,-,125,389,-,-,-,-,48,431,227,644,216,356,180,422,2,11,3,21,37,58,15,98,8,34,1,23,46,309,60,411,33,80,153,227
금천구,독산3동,"2,087",775,"6,500","3,162","3,338",-,-,-,-,306,"1,038",2,2,1,3,63,259,470,"1,141",262,406,338,726,9,25,21,146,82,168,83,335,22,284,5,169,43,510,65,751,74,146,241,391
금천구,독산4동,994,390,"3,130","1,542","1,588",-,-,-,-,136,527,-,-,3,64,36,132,178,479,145,155,211,604,4,21,4,44,31,50,7,22,13,40,2,85,28,140,37,413,48,141,111,213
금천구,시흥1동,"3,078","1,232","15,728","7,752","7,976",-,-,-,-,267,"1,185",-,-,5,38,101,717,737,"2,062",325,438,603,"1,668",17,70,15,166,126,283,56,377,47,"2,974",9,"1,732",120,632,162,"2,253",132,296,356,837
금천구,시흥2동,651,207,"2,009",815,"1,194",-,-,-,-,15,35,-,-,-,-,9,16,85,196,264,266,39,94,9,15,3,10,34,98,4,5,15,40,1,21,72,798,40,313,7,22,54,80
금천구,시흥3동,"3,167",578,"10,083","7,086","2,997",-,-,-,-,562,"1,360",1,1,8,41,258,"1,607","1,625","4,104",226,707,117,263,18,38,9,54,45,81,79,259,58,883,1,19,26,356,17,91,21,27,96,192
금천구,시흥4동,853,298,"2,034",890,"1,144",-,-,-,-,55,179,-,-,1,10,23,76,136,289,279,295,89,178,2,2,2,17,30,41,6,15,1,1,2,24,37,303,42,353,19,48,129,203
금천구,시흥5동,"1,132",478,"3,561","1,853","1,708",-,-,-,-,74,233,-,-,-,-,32,114,220,486,225,844,181,449,3,8,5,28,40,90,9,20,9,47,2,81,48,218,63,598,44,101,177,244
영등포구,소계,"42,370","12,971","373,478","217,650","155,828",-,-,2,4,"3,742","13,245",12,775,26,458,"1,324","21,509","10,905","52,966","4,167","10,822","6,954","27,259","1,632","30,169","1,327","58,819","2,039","10,064","2,457","35,724","1,073","59,601",69,"9,354","1,226","8,938","1,218","17,689","1,165","4,209","3,032","11,873"
영등포구,여의도동,"8,132","2,258","160,633","100,149","60,484",-,-,-,-,139,656,6,618,10,162,175,"8,278","1,600","13,448",195,"1,782","1,674","10,065",682,"15,955",754,"47,774",440,"4,229","1,026","22,939",307,"18,250",18,"5,196",205,"1,775",214,"3,860",144,"1,363",543,"4,283"
영등포구,당산1동,"3,107",966,"19,234","9,309","9,925",-,-,-,-,223,691,-,-,1,8,99,"1,039",994,"3,096",176,712,552,"1,353",68,305,83,"1,572",136,384,266,"1,573",67,"4,507",5,"2,031",53,257,68,884,89,205,227,617
영등포구,당산2동,"2,289",739,"22,947","13,638","9,309",-,-,-,-,78,429,-,-,3,47,93,999,476,"2,483",149,782,388,"1,407",123,"1,539",66,"2,370",160,654,165,"1,471",67,"7,770",5,120,142,"1,063",115,781,78,238,181,794
영등포구,양평1동,"3,068",579,"24,084","13,898","10,186",-,-,-,-,279,"1,323",-,-,1,2,65,"2,090",477,"4,190","1,239","2,100",306,948,93,"1,587",54,"1,174",112,509,149,"1,814",52,"6,531",4,316,48,336,34,457,28,108,127,599
영등포구,양평2동,"2,182",638,"19,921","12,161","7,760",-,-,-,-,166,"1,554",-,-,2,129,89,"1,124",492,"4,233",212,"1,159",340,"1,271",178,"2,588",55,729,121,425,179,"2,912",53,"1,830",2,21,75,607,47,549,41,192,130,598
영등포구,신길1동,"1,091",424,"5,280","2,521","2,759",-,-,-,-,48,155,-,-,-,-,41,174,274,694,108,122,214,584,12,49,5,45,60,952,26,110,28,502,2,55,44,220,46,"1,231",47,110,136,277
영등포구,신길3동,"1,369",337,"2,905","1,629","1,276",-,-,-,-,48,137,-,-,-,-,31,155,251,564,611,618,128,326,5,8,10,110,52,136,12,31,5,10,1,20,28,161,59,408,29,55,99,166
영등포구,신길4동,433,139,"1,461",639,822,-,-,-,-,16,192,1,1,-,-,20,52,81,318,101,112,67,143,3,68,5,51,22,34,2,10,6,14,1,17,25,108,22,237,7,17,54,87
영등포구,신길5동,526,191,"2,563","1,521","1,042",-,-,-,-,25,102,-,-,-,-,29,540,141,419,84,305,94,265,3,8,2,12,31,70,3,13,7,47,3,52,18,287,12,285,18,39,56,119
영등포구,신길6동,"1,228",488,"4,904","2,252","2,652",-,-,-,-,43,108,-,-,-,-,57,265,246,928,136,155,199,606,20,72,8,46,106,425,48,299,13,223,3,247,79,462,77,700,45,106,148,262
영등포구,신길7동,620,252,"2,932","1,396","1,536",-,-,-,-,16,43,1,38,-,-,13,125,146,463,67,91,116,338,16,77,7,38,53,137,15,195,13,125,2,317,38,330,30,396,19,28,68,191
영등포구,대림1동,"1,064",424,"4,517","1,803","2,714",-,-,2,4,80,255,-,-,-,-,46,232,307,720,95,101,180,486,7,9,10,56,51,99,21,40,10,19,1,19,27,188,59,"1,981",42,86,126,222
영등포구,대림2동,"1,378",658,"4,520","2,161","2,359",-,-,-,-,59,139,-,-,2,3,32,140,344,"1,149",81,90,343,867,8,20,51,144,62,221,39,88,42,310,2,74,21,259,36,568,101,200,155,248
영등포구,대림3동,"2,262",778,"10,193","5,772","4,421",-,-,-,-,189,878,-,-,-,-,128,964,580,"1,832",279,356,336,820,21,837,29,140,90,176,64,290,81,"1,273",3,38,70,493,67,"1,064",120,202,205,830
영등포구,영등포본동,"1,410",578,"5,361","2,610","2,751",-,-,-,-,40,92,1,1,1,30,33,197,507,"1,410",163,438,256,985,13,130,6,37,52,108,29,378,28,68,4,71,62,618,49,465,48,102,118,231
영등포구,영등포동,"5,883","1,969","34,391","17,950","16,441",-,-,-,-,486,"1,302",1,75,4,26,205,"2,120","2,427","8,614",105,477,"1,079","4,523",147,"2,996",87,"2,064",242,710,130,"1,084",163,"4,805",5,274,112,645,156,"2,573",182,796,352,"1,307"
영등포구,도림동,"1,021",352,"2,975","1,753","1,222",-,-,-,-,60,207,-,-,-,-,51,366,227,646,178,351,134,322,17,89,7,51,52,134,26,93,18,49,2,19,50,161,39,232,37,59,123,196
영등포구,문래동,"5,307","1,201","44,657","26,488","18,169",-,-,-,-,"1,747","4,982",2,42,2,51,117,"2,649","1,335","7,759",188,"1,071",548,"1,950",216,"3,832",88,"2,406",197,661,257,"2,384",113,"13,268",6,467,129,968,88,"1,018",90,303,184,846
동작구,소계,"19,793","7,769","106,159","52,297","53,862",-,-,-,-,596,"2,095",3,118,14,421,585,"5,972","4,285","14,001","2,231","3,644","4,153","13,252",227,"4,172",178,"3,284","1,297","5,656",459,"6,440",317,"6,883",43,"3,792","1,264","14,114","1,021","13,956",810,"3,024","2,310","5,335"
동작구,노량진2동,"1,706",606,"7,779","3,936","3,843",-,-,-,-,31,59,-,-,2,67,18,55,947,"2,541",64,207,289,765,15,290,23,359,52,91,24,99,20,484,3,"1,371",44,584,25,383,40,98,109,326
동작구,상도1동,"1,765",688,"8,821","4,400","4,421",-,-,-,-,46,172,-,-,-,-,51,476,295,"1,072",219,410,437,"1,372",29,252,6,65,109,277,40,313,26,53,3,71,125,"2,787",94,843,79,194,206,464
동작구,상도2동,"1,398",584,"5,299","2,522","2,777",-,-,-,-,58,141,1,36,1,49,45,373,292,741,127,144,247,761,13,41,10,91,123,256,42,155,24,106,3,239,94,635,97,"1,049",58,152,163,330
동작구,상도3동,"1,011",394,"3,477","1,517","1,960",-,-,-,-,42,125,-,-,-,-,40,270,206,646,203,234,157,469,4,10,6,49,51,122,9,36,5,97,3,56,34,167,69,882,39,88,143,226
동작구,상도4동,"1,008",358,"3,105","1,328","1,777",-,-,-,-,34,109,-,-,1,3,33,95,177,465,265,334,152,440,7,25,2,21,42,83,11,30,8,25,1,28,57,424,67,750,28,53,123,220
동작구,사당1동,"1,790",688,"9,815","5,238","4,577",-,-,-,-,57,124,1,81,-,-,62,766,318,"1,083",141,316,421,"1,345",24,329,54,"1,577",146,430,68,541,42,"1,019",2,74,80,386,97,991,77,187,200,566
동작구,사당3동,936,351,"4,032","2,014","2,018",-,-,-,-,22,55,-,-,1,17,39,246,167,438,141,205,137,403,17,50,7,30,73,385,12,33,18,551,1,23,87,824,41,318,29,192,144,262
동작구,사당4동,659,257,"1,953",929,"1,024",-,-,-,-,30,68,-,-,1,1,23,107,151,496,119,166,90,213,1,12,3,47,34,84,5,8,6,24,1,19,27,119,52,404,24,56,92,129
동작구,사당5동,519,171,"1,646",809,837,-,-,-,-,16,39,-,-,1,34,28,86,84,232,111,131,59,160,10,21,1,5,34,67,13,70,12,69,2,28,42,365,15,88,8,120,83,131
동작구,대방동,"1,693",649,"11,691","6,475","5,216",-,-,-,-,48,326,-,-,1,7,64,"1,615",325,"1,244",188,315,281,"1,025",20,411,16,206,117,438,58,"1,042",25,821,3,125,197,"1,887",101,"1,394",64,191,185,644
동작구,신대방1동,"1,035",433,"4,210","2,397","1,813",-,-,-,-,42,150,1,1,1,5,37,849,227,677,105,138,169,463,7,16,7,66,67,177,30,225,25,311,2,64,77,382,57,350,36,89,145,247
동작구,신대방2동,"1,227",460,"19,081","9,093","9,988",-,-,-,-,42,239,-,-,2,180,47,546,195,"1,579",104,130,261,"1,103",32,"2,447",17,527,89,"2,287",63,"3,165",29,"1,156",7,982,56,446,71,"3,081",50,708,162,505
동작구,흑석동,"1,557",711,"10,324","4,626","5,698",-,-,-,-,46,189,-,-,2,44,39,147,282,734,137,225,415,"1,357",11,57,8,65,142,335,21,513,20,463,2,66,101,"3,163",79,"2,309",53,228,199,429
동작구,노량진1동,"1,856",732,"8,214","4,081","4,133",-,-,-,-,32,65,-,-,1,14,31,202,263,859,176,254,637,"2,052",25,132,10,75,119,348,24,74,34,932,7,558,156,"1,435",61,461,139,427,141,326
동작구,사당2동,"1,633",687,"6,712","2,932","3,780",-,-,-,-,50,234,-,-,-,-,28,139,356,"1,194",131,435,401,"1,324",12,79,8,101,99,276,39,136,23,772,3,88,87,510,95,653,86,241,215,530
관악구,소계,"25,505","9,687","115,329","59,684","55,645",-,-,-,-,"1,185","4,492",1,4,9,170,709,"9,225","5,047","15,299","3,414","5,480","5,662","17,812",265,"3,036",167,"1,966","1,480","4,259",645,"4,958",367,"5,654",48,"3,273","1,207","16,475","1,179","13,504","1,061","3,406","3,059","6,316"
관악구,보라매동,"1,367",576,"6,557","3,298","3,259",-,-,-,-,62,190,-,-,-,-,37,406,453,"1,145",143,148,265,762,12,295,13,258,53,176,18,644,15,905,1,21,58,681,56,571,32,77,149,278
관악구,청림동,451,209,"1,385",570,815,-,-,-,-,19,44,-,-,-,-,12,35,63,169,82,82,64,158,2,4,1,13,29,83,5,46,3,56,1,18,63,200,32,313,14,55,61,109
관악구,행운동,"1,372",598,"6,845","3,085","3,760",-,-,-,-,32,115,-,-,-,-,29,402,306,"1,127",88,95,284,825,19,158,15,229,91,248,41,144,27,249,3,42,95,725,80,"1,958",56,143,206,385
관악구,낙성대동,"1,296",451,"7,867","4,302","3,565",-,-,-,-,63,202,-,-,-,-,30,588,181,870,61,451,506,"2,118",35,640,8,42,74,245,51,499,11,183,3,102,30,234,59,886,66,414,118,393
관악구,중앙동,965,357,"5,516","3,264","2,252",-,-,-,-,41,97,-,-,-,-,33,"1,824",174,609,84,86,213,623,11,46,10,192,73,197,29,144,14,247,1,22,50,425,76,657,35,104,121,243
관악구,인헌동,"1,053",418,"3,578","1,665","1,913",-,-,-,-,66,340,1,4,1,20,27,135,218,583,123,143,207,591,12,258,9,125,65,167,30,212,7,32,2,25,52,282,63,381,44,85,126,195
관악구,남현동,872,325,"4,957","2,655","2,302",-,-,-,-,22,67,-,-,-,-,18,549,157,646,70,79,239,918,18,192,10,97,39,92,23,366,15,774,5,97,51,331,51,326,38,111,116,312
관악구,서원동,"1,279",510,"7,459","3,464","3,995",-,-,-,-,16,68,-,-,-,-,28,624,285,"1,015",110,133,413,"1,738",10,85,12,93,58,286,34,168,15,755,2,79,41,232,59,"1,469",67,314,129,400
관악구,신원동,814,344,"2,356","1,009","1,347",-,-,-,-,45,134,-,-,-,-,27,102,209,456,64,69,178,370,5,14,3,21,41,77,20,78,7,48,1,140,35,231,37,382,25,44,117,190
관악구,서림동,"1,115",334,"3,245","1,899","1,346",-,-,-,-,34,100,-,-,1,1,23,130,158,422,367,663,226,501,5,19,1,11,52,142,9,42,17,49,2,79,46,386,37,421,42,103,95,176
관악구,신사동,"1,359",515,"4,356","2,262","2,094",-,-,-,-,111,418,-,-,-,-,69,499,317,855,97,164,233,543,15,45,9,60,91,220,30,117,22,111,2,78,52,308,51,450,57,149,203,339
관악구,신림동,"1,687",717,"6,638","3,294","3,344",-,-,-,-,43,131,-,-,1,2,27,373,330,"1,010",40,76,605,"2,200",17,206,10,169,137,426,47,166,28,390,2,62,24,121,61,485,116,311,199,510
관악구,난향동,397,162,"1,886",944,942,-,-,-,-,18,58,-,-,-,-,11,44,61,140,105,255,36,86,2,3,3,19,18,53,4,7,8,428,2,56,31,310,36,311,17,41,45,75
관악구,조원동,"2,150",693,"7,116","3,997","3,119",-,-,-,-,197,812,-,-,3,66,68,592,385,"1,304",568,674,352,"1,008",19,448,14,130,93,265,38,235,41,315,1,19,48,209,57,523,77,180,189,336
관악구,대학동,"1,636",620,"15,017","8,174","6,843",-,-,-,-,18,65,-,-,-,-,16,38,174,569,109,543,643,"1,972",36,248,7,93,105,236,119,"1,522",37,264,3,30,79,"8,240",36,253,132,624,122,320
관악구,은천동,"1,562",574,"6,658","3,675","2,983",-,-,-,-,98,401,-,-,2,38,55,852,325,"1,172",200,459,283,783,7,128,11,95,90,211,22,87,29,362,4,173,96,461,73,904,51,102,216,430
관악구,성현동,821,303,"2,951","1,447","1,504",-,-,-,-,33,112,-,-,-,-,39,238,100,246,194,209,83,223,7,65,2,15,50,177,11,111,6,186,1,25,101,724,50,333,22,82,122,205
관악구,청룡동,"1,855",751,"10,350","5,667","4,683",-,-,-,-,46,175,-,-,1,43,48,"1,284",407,"1,224",116,178,388,"1,247",25,151,18,175,174,575,75,219,36,134,6,"2,072",82,855,88,"1,133",85,262,260,623
관악구,난곡동,954,305,"2,452","1,140","1,312",-,-,-,-,37,89,-,-,-,-,32,81,173,421,267,281,111,302,1,4,4,52,34,62,9,19,6,23,1,24,45,410,55,378,28,60,151,246
관악구,삼성동,"1,010",378,"2,618","1,238","1,380",-,-,-,-,41,98,-,-,-,-,28,76,265,573,255,268,120,215,2,3,2,23,51,109,8,61,7,38,1,23,37,379,41,462,16,32,136,258
관악구,미성동,"1,490",547,"5,522","2,635","2,887",-,-,-,-,143,776,-,-,-,-,52,353,306,743,271,424,213,629,5,24,5,54,62,212,22,71,16,105,4,86,91,731,81,908,41,113,178,293
서초구,소계,"46,940","15,153","438,985","261,147","177,838",3,39,3,8,"1,068","6,093",18,224,18,305,"1,603","62,873","11,890","66,616","1,611","10,027","6,554","31,160","2,286","32,357",990,"17,835","3,508","14,516","6,892","68,949","1,328","52,336",67,"11,410","2,688","22,768","1,663","21,162","1,343","7,649","3,407","12,658"
서초구,서초1동,"3,811","1,047","32,022","18,686","13,336",-,-,-,-,89,735,-,-,1,1,110,"3,095","1,003","6,130",87,398,466,"1,919",232,"2,406",75,"1,276",302,"1,032",653,"5,149",110,"4,230",3,91,172,"2,476",122,"1,496",125,492,261,"1,096"
서초구,서초2동,"5,072","1,431","53,003","34,023","18,980",1,32,-,-,83,303,9,193,2,28,129,"11,493","1,176","5,991",81,567,524,"2,735",508,"4,977",203,"7,829",418,"1,538",785,"5,275",229,"5,655",6,"1,556",375,"2,125",142,"1,253",89,379,312,"1,074"
서초구,서초3동,"7,725","1,973","81,064","48,959","32,105",-,-,-,-,125,974,1,4,3,105,202,"6,617","1,285","9,550",168,"1,421","1,045","4,953",393,"9,663",193,"1,656",553,"2,229","2,433","16,716",216,"11,537",14,"6,771",237,"2,676",164,"1,509",246,"2,340",447,"2,343"
서초구,서초4동,"3,012",994,"28,529","13,739","14,790",-,-,-,-,27,214,-,-,-,-,44,"2,219",482,"4,714",33,313,501,"3,089",87,915,97,"1,736",276,"1,338",617,"4,023",97,"3,174",3,44,226,"2,588",250,"3,079",89,383,183,700
서초구,잠원동,"2,199",772,"18,054","10,235","7,819",-,-,1,5,55,555,-,-,2,4,63,"2,614",426,"2,754",68,156,398,"1,964",132,"1,447",35,274,208,884,268,"2,131",74,"1,657",3,105,147,746,96,916,68,"1,381",155,461
서초구,반포본동,665,356,"2,326","1,053","1,273",-,-,-,-,14,30,-,-,-,-,9,14,229,424,7,7,107,326,3,271,4,36,42,122,14,59,17,80,2,29,124,753,17,64,7,15,69,96
서초구,반포1동,"1,737",676,"10,255","5,881","4,374",-,-,1,2,23,109,-,-,-,-,41,"1,921",384,"1,657",46,99,288,995,104,856,25,258,168,591,168,"1,279",50,424,1,31,91,675,99,675,61,205,187,478
서초구,반포2동,306,149,"2,142",967,"1,175",-,-,-,-,4,10,-,-,-,-,9,34,58,160,11,26,32,147,1,5,9,95,42,281,7,14,5,52,3,212,45,629,25,169,9,93,46,215
서초구,반포3동,964,440,"7,502","3,982","3,520",-,-,-,-,13,55,1,5,-,-,13,"1,622",266,"1,034",6,12,129,755,6,27,14,131,126,444,22,175,21,"1,267",1,26,149,733,87,804,30,159,80,253
서초구,반포4동,"3,291","1,493","29,877","14,627","15,250",-,-,-,-,85,190,-,-,4,69,27,"1,504","1,614","6,745",80,"2,258",496,"4,326",47,684,43,540,140,"1,094",139,"2,151",32,"1,015",7,302,254,"2,424",63,"5,033",74,661,186,881
서초구,방배본동,"1,623",655,"10,497","5,551","4,946",-,-,-,-,54,271,-,-,-,-,88,491,430,"1,768",46,161,278,897,47,733,16,201,94,"1,080",116,783,34,"2,433",3,295,120,436,49,399,73,160,175,389
서초구,방배1동,"1,907",654,"16,332","9,436","6,896",-,-,-,-,42,223,-,-,-,-,74,"4,495",454,"2,335",68,93,272,931,103,964,33,505,167,396,188,"1,492",51,"3,096",1,30,113,586,80,468,84,189,177,529
서초구,방배2동,"1,852",653,"17,806","9,521","8,285",-,-,-,-,53,193,-,-,-,-,89,"2,183",384,"3,031",125,"1,551",350,"1,542",63,980,62,987,143,367,161,953,47,"3,929",2,68,101,658,62,623,48,88,162,653
서초구,방배3동,"1,186",378,"13,826","9,415","4,411",-,-,-,-,41,131,2,6,2,29,76,"4,158",256,"1,645",85,305,106,400,61,"1,218",12,364,102,378,107,901,38,968,4,118,79,"1,524",43,845,24,148,148,688
서초구,방배4동,"2,149",753,"14,635","8,379","6,256",-,-,-,-,76,325,1,1,-,-,104,"3,038",473,"1,996",68,156,279,890,90,908,31,525,197,751,235,"1,817",51,"1,558",2,215,141,"1,056",123,737,66,220,212,442
서초구,양재1동,"3,616","1,070","44,006","28,071","15,935",-,-,-,-,98,821,3,12,2,55,175,"6,943",796,"5,180",242,528,562,"2,398",189,"3,324",57,673,248,942,444,"12,003",100,"5,922",6,519,168,"1,544",130,"1,693",116,283,280,"1,166"
서초구,양재2동,"4,989","1,381","48,262","33,048","15,214",1,6,1,1,171,873,1,3,2,14,318,"8,423","1,849","10,336",279,"1,301",634,"2,472",202,"2,908",75,724,230,907,497,"13,131",140,"4,450",1,30,111,703,66,486,121,392,290,"1,102"
서초구,내곡동,836,278,"8,847","5,574","3,273",1,1,-,-,15,81,-,-,-,-,32,"2,009",325,"1,166",111,675,87,421,18,71,6,25,52,142,38,897,16,889,5,968,35,436,45,913,13,61,37,92
강남구,소계,"71,027","22,257","698,840","387,884","310,956",5,36,3,3,"1,650","16,875",58,"1,169",22,827,"1,809","46,663","16,401","143,936","3,193","11,337","11,037","59,357","4,199","59,034","1,958","32,538","6,027","30,802","8,842","110,363","1,938","76,627",58,"6,202","3,903","29,778","3,042","42,029","1,840","9,120","5,042","22,144"
강남구,신사동,"4,140","1,506","26,210","12,104","14,106",-,-,-,-,219,871,-,-,-,-,66,786,"1,026","5,988",57,275,816,"4,328",160,"1,740",48,290,213,874,472,"3,833",69,"1,148",2,60,248,"1,266",344,"3,305",91,474,309,972
강남구,논현1동,"5,309","1,619","41,829","21,876","19,953",-,-,1,1,136,"1,247",1,2,1,97,139,"2,984","1,304","9,493",132,433,821,"3,754",399,"5,408",81,965,419,"1,771",752,"6,270",177,"3,362",2,97,120,731,252,"3,188",147,622,425,"1,404"
강남구,논현2동,"5,596","1,604","62,264","36,707","25,557",-,-,-,-,171,"2,074",7,50,-,-,149,"6,317","1,219","14,621",181,"1,723",942,"4,691",479,"5,839",109,"1,067",426,"2,835",923,"11,687",192,"5,120",4,613,146,"1,131",180,"1,905",131,656,337,"1,935"
강남구,삼성1동,"4,079","1,141","63,573","36,995","26,578",-,-,-,-,62,281,2,2,1,12,86,"3,046","1,348","21,252",91,861,660,"5,936",229,"7,067",167,"2,422",322,"2,077",540,"10,049",144,"5,343",4,266,75,696,109,"1,531",76,"1,468",163,"1,264"
강남구,삼성2동,"3,661","1,105","37,531","19,567","17,964",-,-,-,-,80,654,1,4,-,-,112,"1,700",732,"4,670",74,278,484,"2,373",300,"3,354",156,"2,706",446,"2,177",551,"5,697",114,"7,695",5,"2,304",163,824,111,"1,617",83,405,249,"1,073"
강남구,대치1동,"1,068",469,"6,451","2,849","3,602",-,-,-,-,10,32,-,-,-,-,21,102,151,478,12,25,145,849,8,20,24,290,126,357,17,564,5,20,3,169,304,"2,474",112,691,38,132,92,248
강남구,대치4동,"3,677","1,236","31,920","18,437","13,483",-,-,1,1,61,275,3,196,2,68,79,863,672,"7,874",51,386,699,"3,205",128,"1,984",93,"4,144",347,"1,787",298,"3,061",71,"2,349",2,95,606,"3,109",130,"1,013",141,564,293,946
강남구,역삼1동,"15,451","4,252","155,883","90,145","65,738",1,3,-,-,203,"1,804",20,357,5,81,307,"8,703","3,272","28,010",183,919,"2,475","13,514","1,399","16,417",617,"11,149","1,405","7,743","2,752","37,038",480,"12,159",9,775,553,"5,035",445,"6,429",369,"1,478",956,"4,269"
강남구,역삼2동,"3,775","1,120","38,437","21,344","17,093",2,25,-,-,86,"1,231",4,6,-,-,122,"2,498",804,"6,291",98,"1,124",523,"1,941",266,"3,500",170,"3,366",440,"2,021",517,"5,337",136,"7,549",2,72,154,"1,157",132,"1,243",100,346,219,730
강남구,도곡1동,"1,596",530,"17,066","9,477","7,589",-,-,-,-,38,481,3,86,-,-,43,"2,423",344,"2,546",58,160,233,"1,079",93,"1,757",52,483,158,631,150,"1,755",43,838,-,-,114,875,103,"3,306",41,237,123,409
강남구,도곡2동,"1,828",646,"19,895","11,973","7,922",-,-,-,-,42,"1,673",1,3,2,137,72,"2,928",464,"3,459",29,423,269,"1,455",85,"1,702",58,957,150,745,230,"3,235",37,"1,107",1,23,120,928,72,387,71,301,125,432
강남구,개포1동,169,64,875,664,211,-,-,-,-,5,9,-,-,-,-,7,32,36,87,44,445,12,25,-,-,1,6,24,121,1,3,-,-,1,15,15,93,3,9,1,4,19,26
강남구,개포4동,"1,884",558,"10,524","6,440","4,084",-,-,-,-,56,200,-,-,-,-,159,"2,158",621,"2,485",113,188,202,624,41,414,14,65,102,653,193,"1,193",37,695,3,79,66,438,59,650,63,180,155,502
강남구,일원본동,500,236,"9,755","2,808","6,947",-,-,-,-,6,18,-,-,-,-,14,43,87,383,43,58,53,463,5,241,6,71,59,264,18,48,4,32,2,55,75,688,46,"7,149",19,83,63,159
강남구,일원1동,"2,123",335,"6,888","4,437","2,451",-,-,-,-,19,54,1,103,1,62,48,"1,423",194,568,"1,320","1,333",172,588,13,57,3,20,37,82,32,244,18,975,2,80,58,393,62,507,48,217,95,182
강남구,일원2동,564,202,"9,506","6,663","2,843",-,-,-,-,7,21,3,304,1,141,24,157,137,775,66,207,67,216,8,582,4,55,49,"1,074",24,255,15,"4,129",2,397,40,231,52,784,12,58,53,120
강남구,수서동,"1,504",382,"18,055","10,363","7,692",-,-,-,-,38,150,1,33,1,3,97,"3,006",478,"3,811",119,779,191,979,44,371,22,482,105,638,142,"1,237",56,"4,894",2,68,27,388,61,656,20,281,100,279
강남구,세곡동,"1,338",462,"7,062","3,870","3,192",-,-,-,-,31,313,-,-,-,-,21,268,285,"1,325",287,988,187,617,10,13,17,68,103,314,48,508,23,126,2,65,95,949,86,"1,001",31,110,112,397
강남구,압구정동,"3,919","1,476","29,427","13,143","16,284",-,-,-,-,116,"1,514",-,-,1,1,46,736,"1,078","6,886",46,119,772,"4,610",119,"1,647",67,740,228,"1,004",312,"3,669",74,"1,273",2,59,251,"2,119",304,"2,552",106,415,397,"2,083"
강남구,청담동,"4,212","1,693","38,137","18,127","20,010",-,-,-,-,164,"2,407",4,4,6,222,96,"2,435","1,073","9,041",58,161,679,"5,051",146,"1,498",70,829,410,"1,461",425,"4,254",124,"2,233",3,258,195,"1,392",225,"2,863",107,518,427,"3,510"
강남구,대치2동,"3,897","1,286","64,496","38,545","25,951",2,8,1,1,91,"1,553",7,19,1,3,88,"3,990",954,"13,542",78,342,527,"2,757",256,"5,393",171,"2,293",327,"1,819",429,"10,337",113,"15,568",4,636,388,"3,800",112,964,109,465,239,"1,006"
강남구,개포2동,737,335,"3,056","1,350","1,706",-,-,-,-,9,13,-,-,-,-,13,65,122,351,53,110,108,302,11,30,8,70,131,354,16,89,6,12,1,16,90,"1,061",42,279,36,106,91,198
송파구,소계,"48,644","16,675","341,201","202,213","138,988",6,276,1,6,"1,534","9,324",10,26,29,578,"1,851","40,900","13,699","63,804","5,836","14,813","7,461","30,248",939,"27,920",546,"9,047","2,725","12,871","2,754","30,886",862,"24,285",72,"7,786","2,400","20,169","1,876","28,837","1,726","8,720","4,317","10,705"
송파구,풍납1동,730,282,"2,489","1,107","1,382",-,-,-,-,39,225,-,-,-,-,17,91,174,423,152,276,111,230,3,24,10,163,31,74,16,38,9,108,2,20,28,192,31,380,21,38,86,207
송파구,풍납2동,"1,151",398,"16,316","6,241","10,075",-,-,-,-,41,416,-,-,5,32,36,456,237,"1,076",178,441,145,703,7,48,6,64,79,202,77,470,19,907,4,361,89,"1,460",55,"9,297",42,106,131,277
송파구,거여1동,826,277,"3,649","1,831","1,818",-,-,-,-,42,140,2,5,1,3,27,199,175,768,188,209,123,316,6,32,3,6,34,76,11,83,12,716,1,17,35,294,39,561,36,71,91,153
송파구,거여2동,841,297,"4,560","2,425","2,135",-,-,-,-,25,108,-,-,-,-,25,430,136,419,207,744,108,346,2,2,6,52,53,188,15,310,21,155,2,52,49,320,68,"1,166",39,122,85,146
송파구,마천1동,994,328,"2,411","1,293","1,118",-,-,-,-,44,130,-,-,-,-,34,125,159,400,310,454,144,287,3,9,1,9,60,112,6,12,4,13,3,51,36,251,45,320,20,41,125,197
송파구,마천2동,"1,350",490,"4,236","2,256","1,980",-,-,-,-,95,284,-,-,-,-,40,131,327,884,324,639,168,394,8,134,7,60,45,92,9,91,10,33,3,218,39,201,79,748,36,65,160,262
송파구,방이1동,"1,317",502,"8,454","5,014","3,440",-,-,-,-,55,550,-,-,-,-,56,763,228,"1,365",91,296,257,924,13,96,9,64,74,475,60,745,14,694,2,94,191,"1,509",51,341,71,182,145,356
송파구,방이2동,"3,125","1,038","19,808","12,136","7,672",-,-,-,-,84,681,2,4,1,120,142,"2,222",685,"4,324",207,380,730,"2,994",85,"1,330",49,568,238,828,279,"1,715",60,"1,575",1,20,87,967,95,"1,155",137,306,243,619
송파구,오륜동,496,219,"5,724","3,159","2,565",1,4,-,-,6,9,-,-,1,3,16,80,179,369,8,17,51,352,1,4,9,82,24,131,6,44,2,"1,375",3,527,31,"1,268",18,102,85,"1,221",55,136
송파구,오금동,"2,397",782,"16,687","9,362","7,325",-,-,-,-,141,956,-,-,-,-,167,"1,444",543,"2,838",366,612,317,"1,052",19,643,14,177,113,344,54,630,47,"5,010",2,52,192,"1,315",79,727,92,349,251,538
송파구,송파1동,"2,509",864,"14,692","9,137","5,555",-,-,-,-,82,256,1,1,-,-,116,"4,410",463,"1,661",553,627,426,"1,649",36,402,22,176,108,326,150,944,53,685,2,26,93,624,74,"2,142",99,240,231,523
송파구,송파2동,836,371,"4,149","2,114","2,035",-,-,-,-,20,134,-,-,-,-,25,463,178,563,67,70,135,366,6,30,2,21,65,248,27,331,11,281,1,26,104,953,55,329,30,76,110,258
송파구,석촌동,"2,666",971,"15,306","9,093","6,213",1,93,-,-,96,340,-,-,-,-,119,"2,941",583,"2,091",222,322,520,"1,624",44,259,29,668,183,487,133,"1,195",47,"1,932",3,44,151,876,110,"1,247",123,246,302,941
송파구,삼전동,"2,028",738,"11,418","7,236","4,182",1,171,-,-,68,357,1,1,1,47,80,"3,175",391,"1,612",224,496,356,"1,150",30,244,11,67,128,404,86,641,20,193,3,100,153,"1,074",89,838,100,238,286,610
송파구,가락본동,"3,489","1,071","25,440","15,642","9,798",1,1,-,-,106,664,1,9,2,128,206,"4,530",995,"4,978",179,374,623,"2,236",119,"1,186",53,591,176,925,255,"3,161",103,"1,090",5,"1,065",89,"1,058",103,"2,303",217,490,256,651
송파구,가락1동,"2,988",808,"11,391","7,674","3,717",1,5,-,-,22,121,-,-,3,39,-,-,"2,544","8,525",32,64,119,421,8,56,13,133,73,567,16,98,9,530,2,50,14,142,42,329,3,29,87,282
송파구,가락2동,"1,901",737,"9,763","5,295","4,468",-,-,1,6,76,418,-,-,1,32,100,"1,042",417,"1,985",194,357,252,796,30,291,16,175,112,531,71,"1,311",26,296,2,24,160,944,102,839,87,196,254,520
송파구,문정1동,"1,295",467,"6,194","3,644","2,550",-,-,-,-,63,345,-,-,1,11,83,"1,030",299,"1,303",127,191,192,585,19,148,4,27,98,536,61,382,24,239,1,24,63,382,47,532,50,130,163,329
송파구,문정2동,"7,131","1,859","59,850","40,335","19,515",-,-,-,-,257,"2,221",3,6,6,127,316,"10,162","2,267","11,669",908,"2,626",757,"3,126",386,"5,605",75,519,343,"2,506","1,025","11,838",211,"5,021",7,"1,939",123,528,114,856,81,325,252,776
송파구,장지동,"1,337",444,"9,229","6,032","3,197",-,-,-,-,41,140,-,-,2,24,62,713,208,725,321,"2,530",179,526,7,94,5,51,86,592,45,"1,300",18,211,4,124,98,"1,013",80,637,46,168,135,381
송파구,위례동,667,313,"3,859","2,126","1,733",-,-,-,-,13,26,-,-,-,-,2,5,121,328,92,"1,357",141,556,4,16,1,8,67,252,11,21,6,21,2,24,85,601,49,489,17,45,56,110
송파구,잠실본동,"3,042","1,115","19,197","11,398","7,799",-,-,-,-,72,301,-,-,3,6,92,"3,276",594,"2,780",129,323,773,"3,117",50,680,39,351,208,995,151,"1,942",66,"1,803",3,122,156,914,150,"1,098",209,639,347,850
송파구,잠실4동,383,196,"1,696",535,"1,161",-,-,-,-,4,10,-,-,2,6,7,36,74,230,47,63,39,148,1,4,3,37,49,161,8,20,-,-,2,65,55,525,47,258,5,21,40,112
송파구,잠실6동,"2,629",787,"49,280","30,612","18,668",1,2,-,-,24,448,-,-,-,-,34,"2,949",694,"9,209",589,886,432,"3,576",38,"16,517",129,"4,696",88,"1,151",151,"3,434",47,"1,138",3,"2,393",85,459,106,"1,206",36,384,172,832
송파구,잠실7동,196,101,"1,284",561,723,-,-,-,-,1,3,-,-,-,-,9,86,60,93,8,31,19,51,2,3,4,46,20,80,2,5,4,194,1,11,22,529,7,23,4,20,33,109
송파구,잠실2동,777,410,"4,583","2,071","2,512",-,-,-,-,2,6,-,-,-,-,16,86,236,562,46,324,96,367,4,16,10,84,68,282,8,28,9,27,4,241,91,"1,077",63,388,23,840,101,255
송파구,잠실3동,"1,543",810,"9,536","3,884","5,652",-,-,-,-,15,35,-,-,-,-,24,55,732,"2,624",67,104,248,"2,356",8,47,16,152,102,306,21,97,10,38,4,96,81,693,78,526,17,"2,132",120,275
강동구,소계,"29,080","10,358","141,770","74,700","67,070",-,-,-,-,"1,292","4,855",1,4,17,513,989,"16,944","6,425","23,661","5,417","9,366","4,879","15,636",204,"1,783",236,"3,273","1,779","4,878",617,"7,004",453,"12,153",45,"2,733","1,491","10,578","1,277","19,036",930,"2,826","3,028","6,527"
강동구,강일동,962,284,"17,586","13,299","4,287",-,-,-,-,10,73,-,-,-,-,19,"7,731",114,654,365,"2,154",92,472,3,350,6,47,70,416,17,"2,853",8,664,2,59,83,"1,008",77,785,22,112,74,208
강동구,상일동,918,287,"5,176","2,234","2,942",-,-,-,-,48,137,-,-,1,1,26,145,160,560,241,276,154,531,3,7,5,27,81,312,19,159,9,85,2,43,41,910,26,"1,759",28,105,74,119
강동구,명일1동,"1,739",760,"6,643","2,730","3,913",-,-,-,-,41,114,-,-,-,-,35,298,426,"1,046",209,225,351,"1,041",7,18,14,129,89,240,19,68,14,518,3,34,131,609,118,"1,532",77,215,205,556
강동구,명일2동,987,443,"3,944","1,688","2,256",-,-,-,-,22,42,-,-,-,-,29,128,227,823,17,21,156,635,4,17,7,93,71,236,12,45,10,37,2,48,207,"1,024",63,456,57,154,103,185
강동구,고덕1동,732,308,"2,670","1,202","1,468",-,-,-,-,28,80,-,-,-,-,22,103,111,290,172,201,100,279,2,9,3,14,68,214,6,46,8,38,3,94,65,717,38,409,16,38,90,138
강동구,고덕2동,677,258,"2,548","1,112","1,436",-,-,-,-,21,75,1,4,2,52,7,22,105,340,148,167,79,236,2,4,5,35,148,369,1,3,1,4,1,23,29,569,37,351,15,124,75,170
강동구,암사2동,838,319,"3,711","1,647","2,064",-,-,-,-,27,90,-,-,-,-,24,213,142,395,189,479,126,394,8,11,4,48,56,111,14,64,10,877,2,45,69,415,47,285,29,89,91,195
강동구,암사3동,576,219,"2,185","1,040","1,145",-,-,-,-,21,68,-,-,1,136,15,195,123,375,124,124,55,172,2,6,1,13,35,104,7,12,4,33,2,65,77,519,27,207,9,32,73,124
강동구,천호1동,"1,534",524,"5,332","2,615","2,717",-,-,-,-,104,390,-,-,-,-,51,383,291,843,355,659,225,641,10,113,7,84,81,219,21,91,21,112,3,29,69,712,65,625,40,96,191,335
강동구,천호3동,"1,830",668,"7,474","3,898","3,576",-,-,-,-,56,181,-,-,2,21,56,365,473,"1,424",256,483,345,"1,014",16,155,33,560,120,312,33,814,43,467,3,67,50,222,68,776,57,129,219,484
강동구,성내1동,"2,048",628,"17,777","9,721","8,056",-,-,-,-,168,588,-,-,4,156,116,"2,682",529,"2,711",193,285,326,"1,144",33,210,18,203,102,227,131,745,66,"4,635",6,"1,716",84,706,64,"1,020",59,262,149,487
강동구,성내2동,"1,836",715,"6,770","3,253","3,517",-,-,-,-,103,297,-,-,2,41,68,442,410,"1,146",189,387,360,"1,036",14,61,27,698,122,281,41,178,44,394,2,38,60,209,83,891,61,140,250,531
강동구,성내3동,"2,439",927,"9,117","4,987","4,130",-,-,-,-,120,691,-,-,1,42,96,684,584,"2,347",216,314,497,"1,439",20,185,24,160,156,326,81,731,35,277,1,18,126,471,110,649,105,230,267,553
강동구,둔촌1동,17,5,283,195,88,-,-,-,-,1,9,-,-,-,-,-,-,9,63,1,10,-,-,-,-,-,-,-,-,-,-,-,-,-,-,2,194,-,-,-,-,4,7
강동구,둔촌2동,"1,553",539,"9,463","4,676","4,787",-,-,-,-,78,284,-,-,-,-,84,701,325,"2,183",255,619,240,840,10,41,8,99,90,239,38,269,19,60,3,96,87,585,59,"3,002",53,128,204,317
강동구,암사1동,"1,918",698,"5,646","2,777","2,869",-,-,-,-,123,422,-,-,1,2,82,468,378,992,418,616,322,855,7,28,5,76,92,188,14,47,16,79,2,34,69,237,78,"1,035",63,154,248,413
강동구,천호2동,"3,439","1,346","14,208","6,528","7,680",-,-,-,-,166,560,-,-,1,3,98,597,"1,189","4,609",349,431,653,"2,355",25,152,23,355,153,481,52,353,73,704,3,103,100,568,150,"1,779",100,415,304,743
강동구,길동,"5,037","1,430","21,237","11,098","10,139",-,-,-,-,155,754,-,-,2,59,161,"1,787",829,"2,860","1,720","1,915",798,"2,552",38,416,46,632,245,603,111,526,72,"3,169",5,221,142,903,167,"3,475",139,403,407,962
